Element Number;Element1;Element2;Element3;Element4;NODE_number;x;y;z;;;;
1;1;29;102;4;1;115;0;10,54;;;;
2;29;30;101;102;2;0;0;10,54;;;;
3;30;31;100;101;3;0;0;9,75;;;;
4;31;32;99;100;4;115;0;9,75;;;;
5;32;33;98;99;5;0;0;8,96;;;;
6;33;34;97;98;6;115;0;8,96;;;;
7;34;35;96;97;7;0;0;8,17;;;;
8;35;36;95;96;8;115;0;8,17;;;;
9;36;37;94;95;9;0;0;7,38;;;;
10;37;38;93;94;10;115;0;7,38;;;;
11;38;39;92;93;11;0;0;6,59;;;;
12;39;40;91;92;12;115;0;6,59;;;;
13;40;41;90;91;13;0;0;5,8;;;;
14;41;42;89;90;14;115;0;5,8;;;;
15;42;43;88;89;15;0;0;5,01;;;;
16;43;44;87;88;16;115;0;5,01;;;;
17;44;45;86;87;17;0;0;4,22;;;;
18;45;46;85;86;18;115;0;4,22;;;;
19;46;47;84;85;19;0;0;3,43;;;;
20;47;48;83;84;20;115;0;3,43;;;;
21;48;49;82;83;21;0;0;2,64;;;;
22;49;50;81;82;22;115;0;2,64;;;;
23;50;51;80;81;23;0;0;1,86;;;;
24;51;52;79;80;24;115;0;1,86;;;;
25;52;53;78;79;25;0;0;0;;;;
26;53;54;77;78;26;115;0;0;;;;
27;54;55;76;77;27;115;0;12,4;;;;
28;55;56;75;76;28;0;0;12,4;;;;
29;56;57;74;75;29;111,16;0;10,54;;;;
30;57;58;73;74;30;108,95;1,34E-07;10,54;;;;
31;58;59;72;73;31;105,92;1,34E-07;10,54;;;;
32;59;60;71;72;32;103,49;0;10,54;;;;
33;60;61;70;71;33;99,658;0;10,54;;;;
34;61;62;69;70;34;96,842;1,34E-07;10,54;;;;
35;62;63;68;69;35;93,816;1,34E-07;10,54;;;;
36;63;64;67;68;36;90,789;1,34E-07;10,54;;;;
37;64;65;66;67;37;88,159;0;10,54;;;;
38;65;2;3;66;38;84,326;0;10,54;;;;
39;4;102;139;6;39;81,711;1,34E-07;10,54;;;;
40;102;101;138;139;40;78,684;1,34E-07;10,54;;;;
41;101;100;137;138;41;75,658;1,34E-07;10,54;;;;
42;100;99;136;137;42;72,827;0;10,54;;;;
43;99;98;135;136;43;68,994;0;10,54;;;;
44;98;97;134;135;44;66,579;1,34E-07;10,54;;;;
45;97;96;133;134;45;63,553;1,34E-07;10,54;;;;
46;96;95;132;133;46;61,328;0;10,54;;;;
47;95;94;131;132;47;57,495;0;10,54;;;;
48;94;93;130;131;48;53,662;0;10,54;;;;
49;93;92;129;130;49;51,447;1,34E-07;10,54;;;;
50;92;91;128;129;50;48,421;1,34E-07;10,54;;;;
51;91;90;127;128;51;45,996;0;10,54;;;;
52;90;89;126;127;52;42,163;0;10,54;;;;
53;89;88;125;126;53;39,342;1,34E-07;10,54;;;;
54;88;87;124;125;54;36,316;1,34E-07;10,54;;;;
55;87;86;123;124;55;33,289;1,34E-07;10,54;;;;
56;86;85;122;123;56;30,664;0;10,54;;;;
57;85;84;121;122;57;26,831;0;10,54;;;;
58;84;83;120;121;58;24,211;1,34E-07;10,54;;;;
59;83;82;119;120;59;21,184;1,34E-07;10,54;;;;
60;82;81;118;119;60;18,158;1,34E-07;10,54;;;;
61;81;80;117;118;61;15,332;0;10,54;;;;
62;80;79;116;117;62;11,499;0;10,54;;;;
63;79;78;115;116;63;9,0789;1,34E-07;10,54;;;;
64;78;77;114;115;64;6,0526;1,34E-07;10,54;;;;
65;77;76;113;114;65;3,833;0;10,54;;;;
66;76;75;112;113;66;3,833;0;9,75;;;;
67;75;74;111;112;67;6,0526;1,24E-07;9,75;;;;
68;74;73;110;111;68;9,0789;1,24E-07;9,75;;;;
69;73;72;109;110;69;11,499;0;9,75;;;;
70;72;71;108;109;70;15,332;0;9,75;;;;
71;71;70;107;108;71;18,158;1,24E-07;9,75;;;;
72;70;69;106;107;72;21,184;1,24E-07;9,75;;;;
73;69;68;105;106;73;24,211;1,24E-07;9,75;;;;
74;68;67;104;105;74;26,831;0;9,75;;;;
75;67;66;103;104;75;30,664;0;9,75;;;;
76;66;3;5;103;76;33,289;1,24E-07;9,75;;;;
77;6;139;176;8;77;36,316;1,24E-07;9,75;;;;
78;139;138;175;176;78;39,342;1,24E-07;9,75;;;;
79;138;137;174;175;79;42,163;0;9,75;;;;
80;137;136;173;174;80;45,996;0;9,75;;;;
81;136;135;172;173;81;48,421;1,24E-07;9,75;;;;
82;135;134;171;172;82;51,447;1,24E-07;9,75;;;;
83;134;133;170;171;83;53,662;0;9,75;;;;
84;133;132;169;170;84;57,495;0;9,75;;;;
85;132;131;168;169;85;61,328;0;9,75;;;;
86;131;130;167;168;86;63,553;1,24E-07;9,75;;;;
87;130;129;166;167;87;66,579;1,24E-07;9,75;;;;
88;129;128;165;166;88;68,994;0;9,75;;;;
89;128;127;164;165;89;72,827;0;9,75;;;;
90;127;126;163;164;90;75,658;1,24E-07;9,75;;;;
91;126;125;162;163;91;78,684;1,24E-07;9,75;;;;
92;125;124;161;162;92;81,711;1,24E-07;9,75;;;;
93;124;123;160;161;93;84,326;0;9,75;;;;
94;123;122;159;160;94;88,159;0;9,75;;;;
95;122;121;158;159;95;90,789;1,24E-07;9,75;;;;
96;121;120;157;158;96;93,816;1,24E-07;9,75;;;;
97;120;119;156;157;97;96,842;1,24E-07;9,75;;;;
98;119;118;155;156;98;99,658;0;9,75;;;;
99;118;117;154;155;99;103,49;0;9,75;;;;
100;117;116;153;154;100;105,92;1,24E-07;9,75;;;;
101;116;115;152;153;101;108,95;1,24E-07;9,75;;;;
102;115;114;151;152;102;111,16;0;9,75;;;;
103;114;113;150;151;103;3,833;0;8,96;;;;
104;113;112;149;150;104;6,0526;1,14E-07;8,96;;;;
105;112;111;148;149;105;9,0789;1,14E-07;8,96;;;;
106;111;110;147;148;106;11,499;0;8,96;;;;
107;110;109;146;147;107;15,332;0;8,96;;;;
108;109;108;145;146;108;18,158;1,14E-07;8,96;;;;
109;108;107;144;145;109;21,184;1,14E-07;8,96;;;;
110;107;106;143;144;110;24,211;1,14E-07;8,96;;;;
111;106;105;142;143;111;26,831;0;8,96;;;;
112;105;104;141;142;112;30,664;0;8,96;;;;
113;104;103;140;141;113;33,289;1,14E-07;8,96;;;;
114;103;5;7;140;114;36,316;1,14E-07;8,96;;;;
115;8;176;213;10;115;39,342;1,14E-07;8,96;;;;
116;176;175;212;213;116;42,163;0;8,96;;;;
117;175;174;211;212;117;45,996;0;8,96;;;;
118;174;173;210;211;118;48,421;1,14E-07;8,96;;;;
119;173;172;209;210;119;51,447;1,14E-07;8,96;;;;
120;172;171;208;209;120;53,662;0;8,96;;;;
121;171;170;207;208;121;57,495;0;8,96;;;;
122;170;169;206;207;122;61,328;0;8,96;;;;
123;169;168;205;206;123;63,553;1,14E-07;8,96;;;;
124;168;167;204;205;124;66,579;1,14E-07;8,96;;;;
125;167;166;203;204;125;68,994;0;8,96;;;;
126;166;165;202;203;126;72,827;0;8,96;;;;
127;165;164;201;202;127;75,658;1,14E-07;8,96;;;;
128;164;163;200;201;128;78,684;1,14E-07;8,96;;;;
129;163;162;199;200;129;81,711;1,14E-07;8,96;;;;
130;162;161;198;199;130;84,326;0;8,96;;;;
131;161;160;197;198;131;88,159;0;8,96;;;;
132;160;159;196;197;132;90,789;1,14E-07;8,96;;;;
133;159;158;195;196;133;93,816;1,14E-07;8,96;;;;
134;158;157;194;195;134;96,842;1,14E-07;8,96;;;;
135;157;156;193;194;135;99,658;0;8,96;;;;
136;156;155;192;193;136;103,49;0;8,96;;;;
137;155;154;191;192;137;105,92;1,14E-07;8,96;;;;
138;154;153;190;191;138;108,95;1,14E-07;8,96;;;;
139;153;152;189;190;139;111,16;0;8,96;;;;
140;152;151;188;189;140;3,833;0;8,17;;;;
141;151;150;187;188;141;6,0526;1,04E-07;8,17;;;;
142;150;149;186;187;142;9,0789;1,04E-07;8,17;;;;
143;149;148;185;186;143;11,499;0;8,17;;;;
144;148;147;184;185;144;15,332;0;8,17;;;;
145;147;146;183;184;145;18,158;1,04E-07;8,17;;;;
146;146;145;182;183;146;21,184;1,04E-07;8,17;;;;
147;145;144;181;182;147;24,211;1,04E-07;8,17;;;;
148;144;143;180;181;148;26,831;0;8,17;;;;
149;143;142;179;180;149;30,664;0;8,17;;;;
150;142;141;178;179;150;33,289;1,04E-07;8,17;;;;
151;141;140;177;178;151;36,316;1,04E-07;8,17;;;;
152;140;7;9;177;152;39,342;1,04E-07;8,17;;;;
153;10;213;250;12;153;42,163;0;8,17;;;;
154;213;212;249;250;154;45,996;0;8,17;;;;
155;212;211;248;249;155;48,421;1,04E-07;8,17;;;;
156;211;210;247;248;156;51,447;1,04E-07;8,17;;;;
157;210;209;246;247;157;53,662;0;8,17;;;;
158;209;208;245;246;158;57,495;0;8,17;;;;
159;208;207;244;245;159;61,328;0;8,17;;;;
160;207;206;243;244;160;63,553;1,04E-07;8,17;;;;
161;206;205;242;243;161;66,579;1,04E-07;8,17;;;;
162;205;204;241;242;162;68,994;0;8,17;;;;
163;204;203;240;241;163;72,827;0;8,17;;;;
164;203;202;239;240;164;75,658;1,04E-07;8,17;;;;
165;202;201;238;239;165;78,684;1,04E-07;8,17;;;;
166;201;200;237;238;166;81,711;1,04E-07;8,17;;;;
167;200;199;236;237;167;84,326;0;8,17;;;;
168;199;198;235;236;168;88,159;0;8,17;;;;
169;198;197;234;235;169;90,789;1,04E-07;8,17;;;;
170;197;196;233;234;170;93,816;1,04E-07;8,17;;;;
171;196;195;232;233;171;96,842;1,04E-07;8,17;;;;
172;195;194;231;232;172;99,658;0;8,17;;;;
173;194;193;230;231;173;103,49;0;8,17;;;;
174;193;192;229;230;174;105,92;1,04E-07;8,17;;;;
175;192;191;228;229;175;108,95;1,04E-07;8,17;;;;
176;191;190;227;228;176;111,16;0;8,17;;;;
177;190;189;226;227;177;3,833;0;7,38;;;;
178;189;188;225;226;178;6,0526;9,36E-08;7,38;;;;
179;188;187;224;225;179;9,0789;9,36E-08;7,38;;;;
180;187;186;223;224;180;11,499;0;7,38;;;;
181;186;185;222;223;181;15,332;0;7,38;;;;
182;185;184;221;222;182;18,158;9,36E-08;7,38;;;;
183;184;183;220;221;183;21,184;9,36E-08;7,38;;;;
184;183;182;219;220;184;24,211;9,36E-08;7,38;;;;
185;182;181;218;219;185;26,831;0;7,38;;;;
186;181;180;217;218;186;30,664;0;7,38;;;;
187;180;179;216;217;187;33,289;9,36E-08;7,38;;;;
188;179;178;215;216;188;36,316;9,36E-08;7,38;;;;
189;178;177;214;215;189;39,342;9,36E-08;7,38;;;;
190;177;9;11;214;190;42,163;0;7,38;;;;
191;12;250;287;14;191;45,996;0;7,38;;;;
192;250;249;286;287;192;48,421;9,36E-08;7,38;;;;
193;249;248;285;286;193;51,447;9,36E-08;7,38;;;;
194;248;247;284;285;194;53,662;0;7,38;;;;
195;247;246;283;284;195;57,495;0;7,38;;;;
196;246;245;282;283;196;61,328;0;7,38;;;;
197;245;244;281;282;197;63,553;9,36E-08;7,38;;;;
198;244;243;280;281;198;66,579;9,36E-08;7,38;;;;
199;243;242;279;280;199;68,994;0;7,38;;;;
200;242;241;278;279;200;72,827;0;7,38;;;;
201;241;240;277;278;201;75,658;9,36E-08;7,38;;;;
202;240;239;276;277;202;78,684;9,36E-08;7,38;;;;
203;239;238;275;276;203;81,711;9,36E-08;7,38;;;;
204;238;237;274;275;204;84,326;0;7,38;;;;
205;237;236;273;274;205;88,159;0;7,38;;;;
206;236;235;272;273;206;90,789;9,36E-08;7,38;;;;
207;235;234;271;272;207;93,816;9,36E-08;7,38;;;;
208;234;233;270;271;208;96,842;9,36E-08;7,38;;;;
209;233;232;269;270;209;99,658;0;7,38;;;;
210;232;231;268;269;210;103,49;0;7,38;;;;
211;231;230;267;268;211;105,92;9,36E-08;7,38;;;;
212;230;229;266;267;212;108,95;9,36E-08;7,38;;;;
213;229;228;265;266;213;111,16;0;7,38;;;;
214;228;227;264;265;214;3,833;0;6,59;;;;
215;227;226;263;264;215;6,0526;8,36E-08;6,59;;;;
216;226;225;262;263;216;9,0789;8,36E-08;6,59;;;;
217;225;224;261;262;217;11,499;0;6,59;;;;
218;224;223;260;261;218;15,332;0;6,59;;;;
219;223;222;259;260;219;18,158;8,36E-08;6,59;;;;
220;222;221;258;259;220;21,184;8,36E-08;6,59;;;;
221;221;220;257;258;221;24,211;8,36E-08;6,59;;;;
222;220;219;256;257;222;26,831;0;6,59;;;;
223;219;218;255;256;223;30,664;0;6,59;;;;
224;218;217;254;255;224;33,289;8,36E-08;6,59;;;;
225;217;216;253;254;225;36,316;8,36E-08;6,59;;;;
226;216;215;252;253;226;39,342;8,36E-08;6,59;;;;
227;215;214;251;252;227;42,163;0;6,59;;;;
228;214;11;13;251;228;45,996;0;6,59;;;;
229;14;287;324;16;229;48,421;8,36E-08;6,59;;;;
230;287;286;323;324;230;51,447;8,36E-08;6,59;;;;
231;286;285;322;323;231;53,662;0;6,59;;;;
232;285;284;321;322;232;57,495;0;6,59;;;;
233;284;283;320;321;233;61,328;0;6,59;;;;
234;283;282;319;320;234;63,553;8,36E-08;6,59;;;;
235;282;281;318;319;235;66,579;8,36E-08;6,59;;;;
236;281;280;317;318;236;68,994;0;6,59;;;;
237;280;279;316;317;237;72,827;0;6,59;;;;
238;279;278;315;316;238;75,658;8,36E-08;6,59;;;;
239;278;277;314;315;239;78,684;8,36E-08;6,59;;;;
240;277;276;313;314;240;81,711;8,36E-08;6,59;;;;
241;276;275;312;313;241;84,326;0;6,59;;;;
242;275;274;311;312;242;88,159;0;6,59;;;;
243;274;273;310;311;243;90,789;8,36E-08;6,59;;;;
244;273;272;309;310;244;93,816;8,36E-08;6,59;;;;
245;272;271;308;309;245;96,842;8,36E-08;6,59;;;;
246;271;270;307;308;246;99,658;0;6,59;;;;
247;270;269;306;307;247;103,49;0;6,59;;;;
248;269;268;305;306;248;105,92;8,36E-08;6,59;;;;
249;268;267;304;305;249;108,95;8,36E-08;6,59;;;;
250;267;266;303;304;250;111,16;0;6,59;;;;
251;266;265;302;303;251;3,833;0;5,8;;;;
252;265;264;301;302;252;6,0526;7,36E-08;5,8;;;;
253;264;263;300;301;253;9,0789;7,36E-08;5,8;;;;
254;263;262;299;300;254;11,499;0;5,8;;;;
255;262;261;298;299;255;15,332;0;5,8;;;;
256;261;260;297;298;256;18,158;7,36E-08;5,8;;;;
257;260;259;296;297;257;21,184;7,36E-08;5,8;;;;
258;259;258;295;296;258;24,211;7,36E-08;5,8;;;;
259;258;257;294;295;259;26,831;0;5,8;;;;
260;257;256;293;294;260;30,664;0;5,8;;;;
261;256;255;292;293;261;33,289;7,36E-08;5,8;;;;
262;255;254;291;292;262;36,316;7,36E-08;5,8;;;;
263;254;253;290;291;263;39,342;7,36E-08;5,8;;;;
264;253;252;289;290;264;42,163;0;5,8;;;;
265;252;251;288;289;265;45,996;0;5,8;;;;
266;251;13;15;288;266;48,421;7,36E-08;5,8;;;;
267;16;324;361;18;267;51,447;7,36E-08;5,8;;;;
268;324;323;360;361;268;53,662;0;5,8;;;;
269;323;322;359;360;269;57,495;0;5,8;;;;
270;322;321;358;359;270;61,328;0;5,8;;;;
271;321;320;357;358;271;63,553;7,36E-08;5,8;;;;
272;320;319;356;357;272;66,579;7,36E-08;5,8;;;;
273;319;318;355;356;273;68,994;0;5,8;;;;
274;318;317;354;355;274;72,827;0;5,8;;;;
275;317;316;353;354;275;75,658;7,36E-08;5,8;;;;
276;316;315;352;353;276;78,684;7,36E-08;5,8;;;;
277;315;314;351;352;277;81,711;7,36E-08;5,8;;;;
278;314;313;350;351;278;84,326;0;5,8;;;;
279;313;312;349;350;279;88,159;0;5,8;;;;
280;312;311;348;349;280;90,789;7,36E-08;5,8;;;;
281;311;310;347;348;281;93,816;7,36E-08;5,8;;;;
282;310;309;346;347;282;96,842;7,36E-08;5,8;;;;
283;309;308;345;346;283;99,658;0;5,8;;;;
284;308;307;344;345;284;103,49;0;5,8;;;;
285;307;306;343;344;285;105,92;7,36E-08;5,8;;;;
286;306;305;342;343;286;108,95;7,36E-08;5,8;;;;
287;305;304;341;342;287;111,16;0;5,8;;;;
288;304;303;340;341;288;3,833;0;5,01;;;;
289;303;302;339;340;289;6,0526;6,36E-08;5,01;;;;
290;302;301;338;339;290;9,0789;6,36E-08;5,01;;;;
291;301;300;337;338;291;11,499;0;5,01;;;;
292;300;299;336;337;292;15,332;0;5,01;;;;
293;299;298;335;336;293;18,158;6,36E-08;5,01;;;;
294;298;297;334;335;294;21,184;6,36E-08;5,01;;;;
295;297;296;333;334;295;24,211;6,36E-08;5,01;;;;
296;296;295;332;333;296;26,831;0;5,01;;;;
297;295;294;331;332;297;30,664;0;5,01;;;;
298;294;293;330;331;298;33,289;6,36E-08;5,01;;;;
299;293;292;329;330;299;36,316;6,36E-08;5,01;;;;
300;292;291;328;329;300;39,342;6,36E-08;5,01;;;;
301;291;290;327;328;301;42,163;0;5,01;;;;
302;290;289;326;327;302;45,996;0;5,01;;;;
303;289;288;325;326;303;48,421;6,36E-08;5,01;;;;
304;288;15;17;325;304;51,447;6,36E-08;5,01;;;;
305;18;361;398;20;305;53,662;0;5,01;;;;
306;361;360;397;398;306;57,495;0;5,01;;;;
307;360;359;396;397;307;61,328;0;5,01;;;;
308;359;358;395;396;308;63,553;6,36E-08;5,01;;;;
309;358;357;394;395;309;66,579;6,36E-08;5,01;;;;
310;357;356;393;394;310;68,994;0;5,01;;;;
311;356;355;392;393;311;72,827;0;5,01;;;;
312;355;354;391;392;312;75,658;6,36E-08;5,01;;;;
313;354;353;390;391;313;78,684;6,36E-08;5,01;;;;
314;353;352;389;390;314;81,711;6,36E-08;5,01;;;;
315;352;351;388;389;315;84,326;0;5,01;;;;
316;351;350;387;388;316;88,159;0;5,01;;;;
317;350;349;386;387;317;90,789;6,36E-08;5,01;;;;
318;349;348;385;386;318;93,816;6,36E-08;5,01;;;;
319;348;347;384;385;319;96,842;6,36E-08;5,01;;;;
320;347;346;383;384;320;99,658;0;5,01;;;;
321;346;345;382;383;321;103,49;0;5,01;;;;
322;345;344;381;382;322;105,92;6,36E-08;5,01;;;;
323;344;343;380;381;323;108,95;6,36E-08;5,01;;;;
324;343;342;379;380;324;111,16;0;5,01;;;;
325;342;341;378;379;325;3,833;0;4,22;;;;
326;341;340;377;378;326;6,0526;5,35E-08;4,22;;;;
327;340;339;376;377;327;9,0789;5,35E-08;4,22;;;;
328;339;338;375;376;328;11,499;0;4,22;;;;
329;338;337;374;375;329;15,332;0;4,22;;;;
330;337;336;373;374;330;18,158;5,35E-08;4,22;;;;
331;336;335;372;373;331;21,184;5,35E-08;4,22;;;;
332;335;334;371;372;332;24,211;5,35E-08;4,22;;;;
333;334;333;370;371;333;26,831;0;4,22;;;;
334;333;332;369;370;334;30,664;0;4,22;;;;
335;332;331;368;369;335;33,289;5,35E-08;4,22;;;;
336;331;330;367;368;336;36,316;5,35E-08;4,22;;;;
337;330;329;366;367;337;39,342;5,35E-08;4,22;;;;
338;329;328;365;366;338;42,163;0;4,22;;;;
339;328;327;364;365;339;45,996;0;4,22;;;;
340;327;326;363;364;340;48,421;5,35E-08;4,22;;;;
341;326;325;362;363;341;51,447;5,35E-08;4,22;;;;
342;325;17;19;362;342;53,662;0;4,22;;;;
343;20;398;435;22;343;57,495;0;4,22;;;;
344;398;397;434;435;344;61,328;0;4,22;;;;
345;397;396;433;434;345;63,553;5,35E-08;4,22;;;;
346;396;395;432;433;346;66,579;5,35E-08;4,22;;;;
347;395;394;431;432;347;68,994;0;4,22;;;;
348;394;393;430;431;348;72,827;0;4,22;;;;
349;393;392;429;430;349;75,658;5,35E-08;4,22;;;;
350;392;391;428;429;350;78,684;5,35E-08;4,22;;;;
351;391;390;427;428;351;81,711;5,35E-08;4,22;;;;
352;390;389;426;427;352;84,326;0;4,22;;;;
353;389;388;425;426;353;88,159;0;4,22;;;;
354;388;387;424;425;354;90,789;5,35E-08;4,22;;;;
355;387;386;423;424;355;93,816;5,35E-08;4,22;;;;
356;386;385;422;423;356;96,842;5,35E-08;4,22;;;;
357;385;384;421;422;357;99,658;0;4,22;;;;
358;384;383;420;421;358;103,49;0;4,22;;;;
359;383;382;419;420;359;105,92;5,35E-08;4,22;;;;
360;382;381;418;419;360;108,95;5,35E-08;4,22;;;;
361;381;380;417;418;361;111,16;0;4,22;;;;
362;380;379;416;417;362;3,833;0;3,43;;;;
363;379;378;415;416;363;6,0526;4,35E-08;3,43;;;;
364;378;377;414;415;364;9,0789;4,35E-08;3,43;;;;
365;377;376;413;414;365;11,499;0;3,43;;;;
366;376;375;412;413;366;15,332;0;3,43;;;;
367;375;374;411;412;367;18,158;4,35E-08;3,43;;;;
368;374;373;410;411;368;21,184;4,35E-08;3,43;;;;
369;373;372;409;410;369;24,211;4,35E-08;3,43;;;;
370;372;371;408;409;370;26,831;0;3,43;;;;
371;371;370;407;408;371;30,664;0;3,43;;;;
372;370;369;406;407;372;33,289;4,35E-08;3,43;;;;
373;369;368;405;406;373;36,316;4,35E-08;3,43;;;;
374;368;367;404;405;374;39,342;4,35E-08;3,43;;;;
375;367;366;403;404;375;42,163;0;3,43;;;;
376;366;365;402;403;376;45,996;0;3,43;;;;
377;365;364;401;402;377;48,421;4,35E-08;3,43;;;;
378;364;363;400;401;378;51,447;4,35E-08;3,43;;;;
379;363;362;399;400;379;53,662;0;3,43;;;;
380;362;19;21;399;380;57,495;0;3,43;;;;
381;22;435;472;24;381;61,328;0;3,43;;;;
382;435;434;471;472;382;63,553;4,35E-08;3,43;;;;
383;434;433;470;471;383;66,579;4,35E-08;3,43;;;;
384;433;432;469;470;384;68,994;0;3,43;;;;
385;432;431;468;469;385;72,827;0;3,43;;;;
386;431;430;467;468;386;75,658;4,35E-08;3,43;;;;
387;430;429;466;467;387;78,684;4,35E-08;3,43;;;;
388;429;428;465;466;388;81,711;4,35E-08;3,43;;;;
389;428;427;464;465;389;84,326;0;3,43;;;;
390;427;426;463;464;390;88,159;0;3,43;;;;
391;426;425;462;463;391;90,789;4,35E-08;3,43;;;;
392;425;424;461;462;392;93,816;4,35E-08;3,43;;;;
393;424;423;460;461;393;96,842;4,35E-08;3,43;;;;
394;423;422;459;460;394;99,658;0;3,43;;;;
395;422;421;458;459;395;103,49;0;3,43;;;;
396;421;420;457;458;396;105,92;4,35E-08;3,43;;;;
397;420;419;456;457;397;108,95;4,35E-08;3,43;;;;
398;419;418;455;456;398;111,16;0;3,43;;;;
399;418;417;454;455;399;3,833;0;2,64;;;;
400;417;416;453;454;400;6,0526;3,35E-08;2,64;;;;
401;416;415;452;453;401;9,0789;3,35E-08;2,64;;;;
402;415;414;451;452;402;11,499;0;2,64;;;;
403;414;413;450;451;403;15,332;0;2,64;;;;
404;413;412;449;450;404;18,158;3,35E-08;2,64;;;;
405;412;411;448;449;405;21,184;3,35E-08;2,64;;;;
406;411;410;447;448;406;24,211;3,35E-08;2,64;;;;
407;410;409;446;447;407;26,831;0;2,64;;;;
408;409;408;445;446;408;30,664;0;2,64;;;;
409;408;407;444;445;409;33,289;3,35E-08;2,64;;;;
410;407;406;443;444;410;36,316;3,35E-08;2,64;;;;
411;406;405;442;443;411;39,342;3,35E-08;2,64;;;;
412;405;404;441;442;412;42,163;0;2,64;;;;
413;404;403;440;441;413;45,996;0;2,64;;;;
414;403;402;439;440;414;48,421;3,35E-08;2,64;;;;
415;402;401;438;439;415;51,447;3,35E-08;2,64;;;;
416;401;400;437;438;416;53,662;0;2,64;;;;
417;400;399;436;437;417;57,495;0;2,64;;;;
418;399;21;23;436;418;61,328;0;2,64;;;;
419;24;472;509;26;419;63,553;3,35E-08;2,64;;;;
420;472;471;508;509;420;66,579;3,35E-08;2,64;;;;
421;471;470;507;508;421;68,994;0;2,64;;;;
422;470;469;506;507;422;72,827;0;2,64;;;;
423;469;468;505;506;423;75,658;3,35E-08;2,64;;;;
424;468;467;504;505;424;78,684;3,35E-08;2,64;;;;
425;467;466;503;504;425;81,711;3,35E-08;2,64;;;;
426;466;465;502;503;426;84,326;0;2,64;;;;
427;465;464;501;502;427;88,159;0;2,64;;;;
428;464;463;500;501;428;90,789;3,35E-08;2,64;;;;
429;463;462;499;500;429;93,816;3,35E-08;2,64;;;;
430;462;461;498;499;430;96,842;3,35E-08;2,64;;;;
431;461;460;497;498;431;99,658;0;2,64;;;;
432;460;459;496;497;432;103,49;0;2,64;;;;
433;459;458;495;496;433;105,92;3,35E-08;2,64;;;;
434;458;457;494;495;434;108,95;3,35E-08;2,64;;;;
435;457;456;493;494;435;111,16;0;2,64;;;;
436;456;455;492;493;436;3,833;0;1,86;;;;
437;455;454;491;492;437;6,0526;2,35E-08;1,85;;;;
438;454;453;490;491;438;9,0789;2,35E-08;1,85;;;;
439;453;452;489;490;439;11,499;0;1,86;;;;
440;452;451;488;489;440;15,332;0;1,86;;;;
441;451;450;487;488;441;18,158;2,35E-08;1,85;;;;
442;450;449;486;487;442;21,184;2,35E-08;1,85;;;;
443;449;448;485;486;443;24,211;2,35E-08;1,85;;;;
444;448;447;484;485;444;26,831;0;1,86;;;;
445;447;446;483;484;445;30,664;0;1,86;;;;
446;446;445;482;483;446;33,289;2,35E-08;1,85;;;;
447;445;444;481;482;447;36,316;2,35E-08;1,85;;;;
448;444;443;480;481;448;39,342;2,35E-08;1,85;;;;
449;443;442;479;480;449;42,163;0;1,86;;;;
450;442;441;478;479;450;45,996;0;1,86;;;;
451;441;440;477;478;451;48,421;2,35E-08;1,85;;;;
452;440;439;476;477;452;51,447;2,35E-08;1,85;;;;
453;439;438;475;476;453;53,662;0;1,86;;;;
454;438;437;474;475;454;57,495;0;1,86;;;;
455;437;436;473;474;455;61,328;0;1,86;;;;
456;436;23;25;473;456;63,553;2,35E-08;1,85;;;;
457;2;65;546;28;457;66,579;2,35E-08;1,85;;;;
458;65;64;545;546;458;68,994;0;1,86;;;;
459;64;63;544;545;459;72,827;0;1,86;;;;
460;63;62;543;544;460;75,658;2,35E-08;1,85;;;;
461;62;61;542;543;461;78,684;2,35E-08;1,85;;;;
462;61;60;541;542;462;81,711;2,35E-08;1,85;;;;
463;60;59;540;541;463;84,326;0;1,86;;;;
464;59;58;539;540;464;88,159;0;1,86;;;;
465;58;57;538;539;465;90,789;2,35E-08;1,85;;;;
466;57;56;537;538;466;93,816;2,35E-08;1,85;;;;
467;56;55;536;537;467;96,842;2,35E-08;1,85;;;;
468;55;54;535;536;468;99,658;0;1,86;;;;
469;54;53;534;535;469;103,49;0;1,86;;;;
470;53;52;533;534;470;105,92;2,35E-08;1,85;;;;
471;52;51;532;533;471;108,95;2,35E-08;1,85;;;;
472;51;50;531;532;472;111,16;0;1,86;;;;
473;50;49;530;531;473;3,833;0;0;;;;
474;49;48;529;530;474;6,0526;0;0;;;;
475;48;47;528;529;475;9,0789;0;0;;;;
476;47;46;527;528;476;11,499;0;0;;;;
477;46;45;526;527;477;15,332;0;0;;;;
478;45;44;525;526;478;18,158;0;0;;;;
479;44;43;524;525;479;21,184;0;0;;;;
480;43;42;523;524;480;24,211;0;0;;;;
481;42;41;522;523;481;26,831;0;0;;;;
482;41;40;521;522;482;30,664;0;0;;;;
483;40;39;520;521;483;33,289;0;0;;;;
484;39;38;519;520;484;36,316;0;0;;;;
485;38;37;518;519;485;39,342;0;0;;;;
486;37;36;517;518;486;42,163;0;0;;;;
487;36;35;516;517;487;45,996;0;0;;;;
488;35;34;515;516;488;48,421;0;0;;;;
489;34;33;514;515;489;51,447;0;0;;;;
490;33;32;513;514;490;53,662;0;0;;;;
491;32;31;512;513;491;57,495;0;0;;;;
492;31;30;511;512;492;61,328;0;0;;;;
493;30;29;510;511;493;63,553;0;0;;;;
494;29;1;27;510;494;66,579;0;0;;;;
495;547;548;;;495;68,994;0;0;;;;
496;548;549;;;496;72,827;0;0;;;;
497;549;550;;;497;75,658;0;0;;;;
498;550;551;;;498;78,684;0;0;;;;
499;551;552;;;499;81,711;0;0;;;;
500;552;553;;;500;84,326;0;0;;;;
501;553;554;;;501;88,159;0;0;;;;
502;554;555;;;502;90,789;0;0;;;;
503;555;556;;;503;93,816;0;0;;;;
504;556;557;;;504;96,842;0;0;;;;
505;557;558;;;505;99,658;0;0;;;;
506;558;559;;;506;103,49;0;0;;;;
507;560;559;;;507;105,92;0;0;;;;
508;561;560;;;508;108,95;0;0;;;;
509;562;561;;;509;111,16;0;0;;;;
510;563;562;;;510;111,16;0;12,4;;;;
511;564;563;;;511;108,95;1,57E-07;12,4;;;;
512;565;564;;;512;105,92;1,57E-07;12,4;;;;
513;566;565;;;513;103,49;0;12,4;;;;
514;567;566;;;514;99,658;0;12,4;;;;
515;568;567;;;515;96,842;1,57E-07;12,4;;;;
516;569;568;;;516;93,816;1,57E-07;12,4;;;;
517;570;569;;;517;90,789;1,57E-07;12,4;;;;
518;571;570;;;518;88,159;0;12,4;;;;
519;572;571;;;519;84,326;0;12,4;;;;
520;573;572;;;520;81,711;1,57E-07;12,4;;;;
521;574;573;;;521;78,684;1,57E-07;12,4;;;;
522;575;574;;;522;75,658;1,57E-07;12,4;;;;
523;576;575;;;523;72,827;0;12,4;;;;
524;577;576;;;524;68,994;0;12,4;;;;
525;578;577;;;525;66,579;1,57E-07;12,4;;;;
526;579;578;;;526;63,553;1,57E-07;12,4;;;;
527;580;579;;;527;61,328;0;12,4;;;;
528;581;580;;;528;57,495;0;12,4;;;;
529;582;581;;;529;53,662;0;12,4;;;;
530;583;582;;;530;51,447;1,57E-07;12,4;;;;
531;584;583;;;531;48,421;1,57E-07;12,4;;;;
532;584;585;;;532;45,996;0;12,4;;;;
533;585;586;;;533;42,163;0;12,4;;;;
534;586;587;;;534;39,342;1,57E-07;12,4;;;;
535;587;588;;;535;36,316;1,57E-07;12,4;;;;
536;589;588;;;536;33,289;1,57E-07;12,4;;;;
537;589;590;;;537;30,664;0;12,4;;;;
538;590;579;;;538;26,831;0;12,4;;;;
539;591;547;;;539;24,211;1,57E-07;12,4;;;;
540;592;591;;;540;21,184;1,57E-07;12,4;;;;
541;592;593;;;541;18,158;1,57E-07;12,4;;;;
542;594;593;;;542;15,332;0;12,4;;;;
543;594;595;;;543;11,499;0;12,4;;;;
544;595;596;;;544;9,0789;1,57E-07;12,4;;;;
545;596;597;;;545;6,0526;1,57E-07;12,4;;;;
546;597;598;;;546;3,833;0;12,4;;;;
547;598;599;;;547;113,66;0;10,55;;;;
548;599;600;;;548;113,66;0;9,76;;;;
549;600;601;;;549;113,66;0;8,97;;;;
550;601;602;;;550;113,66;0;8,18;;;;
551;602;603;;;551;113,66;0;7,39;;;;
552;603;563;;;552;113,66;0;6,6;;;;
553;548;604;;;553;113,66;0;5,81;;;;
554;605;548;;;554;113,66;0;5,02;;;;
555;593;605;;;555;113,66;0;4,23;;;;
556;549;606;;;556;113,66;0;3,44;;;;
557;607;549;;;557;113,66;0;2,65;;;;
558;605;607;;;558;113,66;0;1,86;;;;
559;595;605;;;559;113,66;0;0;;;;
560;550;608;;;560;111,16;0;0;;;;
561;609;550;;;561;111,16;0;1,86;;;;
562;607;609;;;562;107,32;0;1,86;;;;
563;596;607;;;563;107,32;0;2,65;;;;
564;551;610;;;564;103,49;0;2,65;;;;
565;611;551;;;565;103,49;0;3,44;;;;
566;609;611;;;566;99,658;0;3,44;;;;
567;597;609;;;567;99,658;0;4,23;;;;
568;552;612;;;568;95,825;0;4,23;;;;
569;613;552;;;569;95,825;0;5,02;;;;
570;611;613;;;570;91,992;0;5,02;;;;
571;598;611;;;571;91,992;0;5,81;;;;
572;553;614;;;572;88,159;0;5,81;;;;
573;615;553;;;573;88,159;0;6,6;;;;
574;613;615;;;574;84,326;0;6,6;;;;
575;599;613;;;575;84,326;0;7,39;;;;
576;554;616;;;576;80,493;0;7,39;;;;
577;617;554;;;577;80,493;0;8,18;;;;
578;615;617;;;578;76,66;0;8,18;;;;
579;600;615;;;579;76,66;0;8,97;;;;
580;555;618;;;580;72,827;0;8,97;;;;
581;619;555;;;581;72,827;0;9,76;;;;
582;617;619;;;582;68,994;0;9,76;;;;
583;601;617;;;583;68,994;0;10,55;;;;
584;556;620;;;584;68,994;0;12,4;;;;
585;621;556;;;585;72,827;0;12,4;;;;
586;619;621;;;586;76,66;0;12,4;;;;
587;602;619;;;587;80,493;0;12,4;;;;
588;557;622;;;588;80,493;0;10,55;;;;
589;623;557;;;589;76,66;0;10,55;;;;
590;621;623;;;590;76,66;0;9,76;;;;
591;603;621;;;591;113,66;0;12,4;;;;
592;558;624;;;592;111,16;0;12,4;;;;
593;561;558;;;593;111,16;0;10,55;;;;
594;623;561;;;594;107,32;0;10,55;;;;
595;563;623;;;595;107,32;0;9,76;;;;
596;559;625;;;596;107,32;0;8,97;;;;
597;626;560;;;597;107,32;0;8,18;;;;
598;562;626;;;598;107,32;0;7,39;;;;
599;627;562;;;599;107,32;0;6,6;;;;
600;564;627;;;600;107,32;0;5,81;;;;
601;628;564;;;601;107,32;0;5,02;;;;
602;566;628;;;602;107,32;0;4,23;;;;
603;629;566;;;603;107,32;0;3,44;;;;
604;568;629;;;604;115;0;9,76;;;;
605;630;568;;;605;111,16;0;9,76;;;;
606;570;630;;;606;115;0;8,97;;;;
607;631;570;;;607;111,16;0;8,97;;;;
608;572;631;;;608;115;0;8,18;;;;
609;632;572;;;609;111,16;0;8,18;;;;
610;574;632;;;610;115;0;7,39;;;;
611;633;574;;;611;111,16;0;7,39;;;;
612;576;633;;;612;115;0;6,6;;;;
613;634;576;;;613;111,16;0;6,6;;;;
614;578;634;;;614;115;0;5,81;;;;
615;635;578;;;615;111,16;0;5,81;;;;
616;580;635;;;616;115;0;5,02;;;;
617;636;580;;;617;111,16;0;5,02;;;;
618;582;636;;;618;115;0;4,23;;;;
619;637;582;;;619;111,16;0;4,23;;;;
620;638;637;;;620;115;0;3,44;;;;
621;639;638;;;621;111,16;0;3,44;;;;
622;640;639;;;622;115;0;2,65;;;;
623;640;641;;;623;111,16;0;2,65;;;;
624;642;641;;;624;115;0;1,86;;;;
625;642;643;;;625;115;0;0;;;;
626;643;644;;;626;107,32;0;0;;;;
627;644;645;;;627;103,49;0;1,86;;;;
628;645;646;;;628;99,658;0;2,65;;;;
629;646;647;;;629;95,825;0;3,44;;;;
630;647;648;;;630;91,992;0;4,23;;;;
631;648;649;;;631;88,159;0;5,02;;;;
632;649;650;;;632;84,326;0;5,81;;;;
633;650;651;;;633;80,493;0;6,6;;;;
634;651;652;;;634;76,66;0;7,39;;;;
635;652;653;;;635;72,827;0;8,18;;;;
636;653;654;;;636;68,994;0;8,97;;;;
637;655;654;;;637;65,161;0;9,76;;;;
638;656;655;;;638;65,161;0;10,55;;;;
639;657;656;;;639;65,161;0;12,4;;;;
640;658;657;;;640;61,328;0;12,4;;;;
641;659;658;;;641;61,328;0;10,55;;;;
642;660;659;;;642;57,495;0;10,55;;;;
643;661;660;;;643;57,495;0;9,76;;;;
644;662;661;;;644;57,495;0;8,97;;;;
645;663;662;;;645;57,495;0;8,18;;;;
646;664;663;;;646;57,495;0;7,39;;;;
647;665;664;;;647;57,495;0;6,6;;;;
648;666;665;;;648;57,495;0;5,81;;;;
649;667;666;;;649;57,495;0;5,02;;;;
650;668;667;;;650;57,495;0;4,23;;;;
651;669;668;;;651;57,495;0;3,44;;;;
652;670;669;;;652;57,495;0;2,65;;;;
653;671;670;;;653;57,495;0;1,86;;;;
654;672;671;;;654;57,495;0;0;;;;
655;673;672;;;655;53,662;0;0;;;;
656;674;673;;;656;53,662;0;1,86;;;;
657;675;674;;;657;49,829;0;1,86;;;;
658;676;675;;;658;49,829;0;2,65;;;;
659;677;676;;;659;45,996;0;2,65;;;;
660;678;677;;;660;45,996;0;3,44;;;;
661;679;678;;;661;42,163;0;3,44;;;;
662;679;680;;;662;42,163;0;4,23;;;;
663;680;681;;;663;38,33;0;4,23;;;;
664;681;682;;;664;38,33;0;5,02;;;;
665;682;683;;;665;34,497;0;5,02;;;;
666;684;683;;;666;34,497;0;5,81;;;;
667;684;685;;;667;30,664;0;5,81;;;;
668;685;674;;;668;30,664;0;6,6;;;;
669;565;603;;;669;26,831;0;6,6;;;;
670;686;565;;;670;26,831;0;7,39;;;;
671;567;686;;;671;22,998;0;7,39;;;;
672;687;567;;;672;22,998;0;8,18;;;;
673;569;687;;;673;19,165;0;8,18;;;;
674;688;569;;;674;19,165;0;8,97;;;;
675;571;688;;;675;15,332;0;8,97;;;;
676;689;571;;;676;15,332;0;9,76;;;;
677;573;689;;;677;11,499;0;9,76;;;;
678;690;573;;;678;11,499;0;10,55;;;;
679;575;690;;;679;11,499;0;12,4;;;;
680;691;575;;;680;15,332;0;12,4;;;;
681;577;691;;;681;19,165;0;12,4;;;;
682;692;577;;;682;22,998;0;12,4;;;;
683;579;692;;;683;22,998;0;10,55;;;;
684;581;590;;;684;19,165;0;10,55;;;;
685;693;581;;;685;19,165;0;9,76;;;;
686;585;693;;;686;103,49;0;4,23;;;;
687;638;583;;;687;99,658;0;5,02;;;;
688;694;1035;;;688;95,825;0;5,81;;;;
689;1035;1036;;;689;91,992;0;6,6;;;;
690;1036;1037;;;690;88,159;0;7,39;;;;
691;1037;1038;;;691;84,326;0;8,18;;;;
692;1038;1039;;;692;80,493;0;8,97;;;;
693;1039;1040;;;693;72,827;0;10,55;;;;
694;1040;584;;;694;63,3;20,811;12,4;;;;
695;694;1041;;;695;69,15;20,236;12,4;;;;
696;1041;695;;;696;74,95;19,277;12,4;;;;
697;695;1042;;;697;86,5;16,155;12,4;;;;
698;1042;696;;;698;92,31;13,929;12,4;;;;
699;696;1043;;;699;92,31;13,929;0;;;;
700;1043;1044;;;700;97,95;11,304;0;;;;
701;1044;1045;;;701;84,326;0;12,4;;;;
702;1045;697;;;702;88,159;0;12,4;;;;
703;697;1046;;;703;91,992;0;12,4;;;;
704;1046;698;;;704;91,992;0;10,55;;;;
705;699;1047;;;705;88,159;0;10,55;;;;
706;1047;1048;;;706;88,159;0;9,76;;;;
707;1048;1049;;;707;88,159;0;8,97;;;;
708;1049;698;;;708;88,159;0;8,18;;;;
709;699;1050;;;709;84,326;0;10,55;;;;
710;1050;700;;;710;80,493;0;9,76;;;;
711;700;1051;;;711;115;0;10,55;;;;
712;1051;1052;;;712;115;0;12,4;;;;
713;1052;1053;;;713;107,32;0;12,4;;;;
714;1053;1054;;;714;103,49;0;12,4;;;;
715;1054;1055;;;715;97,95;11,304;12,4;;;;
716;1055;1056;;;716;103,49;0;9,76;;;;
717;1056;625;;;717;103,49;0;10,55;;;;
718;586;589;;;718;103,49;0;8,97;;;;
719;587;701;;;719;99,658;0;9,76;;;;
720;701;702;;;720;99,658;0;10,55;;;;
721;702;703;;;721;99,658;0;12,4;;;;
722;703;704;;;722;95,825;0;12,4;;;;
723;705;704;;;723;95,825;0;10,55;;;;
724;705;706;;;724;91,992;0;9,76;;;;
725;706;707;;;725;91,992;0;8,97;;;;
726;707;708;;;726;91,992;0;8,18;;;;
727;708;690;;;727;91,992;0;7,39;;;;
728;588;709;;;728;103,49;0;8,18;;;;
729;588;710;;;729;99,658;0;8,97;;;;
730;710;692;;;730;95,825;0;9,76;;;;
731;547;711;;;731;103,49;0;7,39;;;;
732;593;547;;;732;99,658;0;8,18;;;;
733;591;712;;;733;95,825;0;8,97;;;;
734;711;712;;;734;103,49;0;6,6;;;;
735;604;711;;;735;99,658;0;7,39;;;;
736;606;604;;;736;95,825;0;8,18;;;;
737;608;606;;;737;103,49;0;5,81;;;;
738;610;608;;;738;99,658;0;6,6;;;;
739;612;610;;;739;95,825;0;7,39;;;;
740;614;612;;;740;103,49;0;5,02;;;;
741;616;614;;;741;99,658;0;5,81;;;;
742;618;616;;;742;95,825;0;6,6;;;;
743;620;618;;;743;103,49;0;0;;;;
744;622;620;;;744;91,992;0;0;;;;
745;713;592;;;745;86,5;16,155;0;;;;
746;713;594;;;746;80,493;0;0;;;;
747;714;713;;;747;76,66;0;0;;;;
748;715;1057;;;748;76,66;0;1,86;;;;
749;1057;1058;;;749;72,827;0;1,86;;;;
750;1058;1059;;;750;72,827;0;2,65;;;;
751;1059;714;;;751;68,994;0;2,65;;;;
752;703;1060;;;752;68,994;0;3,44;;;;
753;1060;1061;;;753;65,161;0;3,44;;;;
754;1061;1062;;;754;65,161;0;4,23;;;;
755;1062;715;;;755;61,328;0;4,23;;;;
756;697;1063;;;756;61,328;0;5,02;;;;
757;1063;1064;;;757;99,658;0;1,86;;;;
758;1064;1065;;;758;95,825;0;2,65;;;;
759;1065;1066;;;759;91,992;0;3,44;;;;
760;1066;1067;;;760;88,159;0;4,23;;;;
761;1067;703;;;761;84,326;0;5,02;;;;
762;587;1068;;;762;80,493;0;5,81;;;;
763;1068;1069;;;763;76,66;0;6,6;;;;
764;1069;1070;;;764;72,827;0;7,39;;;;
765;1070;1071;;;765;68,994;0;8,18;;;;
766;1071;1072;;;766;65,161;0;8,97;;;;
767;1072;697;;;767;61,328;0;9,76;;;;
768;716;595;;;768;57,5;0;12,4;;;;
769;717;716;;;769;57,495;0;12,4;;;;
770;714;717;;;770;53,662;0;12,4;;;;
771;718;596;;;771;53,662;0;10,55;;;;
772;716;718;;;772;49,829;0;10,55;;;;
773;719;716;;;773;49,829;0;9,76;;;;
774;720;719;;;774;49,829;0;8,97;;;;
775;721;720;;;775;49,829;0;8,18;;;;
776;722;721;;;776;49,829;0;7,39;;;;
777;722;723;;;777;49,829;0;6,6;;;;
778;704;723;;;778;49,829;0;5,81;;;;
779;704;724;;;779;49,829;0;5,02;;;;
780;724;725;;;780;49,829;0;4,23;;;;
781;725;726;;;781;49,829;0;3,44;;;;
782;726;727;;;782;53,662;0;9,76;;;;
783;727;689;;;783;53,662;0;8,97;;;;
784;728;597;;;784;53,662;0;8,18;;;;
785;718;728;;;785;53,662;0;7,39;;;;
786;729;718;;;786;53,662;0;6,6;;;;
787;719;729;;;787;53,662;0;5,81;;;;
788;730;719;;;788;53,662;0;5,02;;;;
789;723;730;;;789;53,662;0;4,23;;;;
790;731;598;;;790;53,662;0;3,44;;;;
791;728;731;;;791;53,662;0;2,65;;;;
792;732;728;;;792;57,5;0;0;;;;
793;729;732;;;793;49,829;0;0;;;;
794;733;729;;;794;45,996;0;1,86;;;;
795;730;733;;;795;42,163;0;2,65;;;;
796;724;730;;;796;38,33;0;3,44;;;;
797;734;599;;;797;34,497;0;4,23;;;;
798;731;734;;;798;30,664;0;5,02;;;;
799;735;731;;;799;26,831;0;5,81;;;;
800;732;735;;;800;22,998;0;6,6;;;;
801;736;732;;;801;19,165;0;7,39;;;;
802;733;736;;;802;15,332;0;8,18;;;;
803;725;733;;;803;11,499;0;8,97;;;;
804;737;600;;;804;7,666;0;9,76;;;;
805;734;737;;;805;7,666;0;10,55;;;;
806;738;734;;;806;7,666;0;12,4;;;;
807;735;738;;;807;3,833;0;12,4;;;;
808;739;735;;;808;3,833;0;10,55;;;;
809;736;739;;;809;1,333;0;10,55;;;;
810;726;736;;;810;1,333;0;9,76;;;;
811;740;601;;;811;1,333;0;8,97;;;;
812;737;740;;;812;1,333;0;8,18;;;;
813;741;737;;;813;1,333;0;7,39;;;;
814;738;741;;;814;1,333;0;6,6;;;;
815;742;738;;;815;1,333;0;5,81;;;;
816;739;742;;;816;1,333;0;5,02;;;;
817;727;739;;;817;1,333;0;4,23;;;;
818;686;602;;;818;1,333;0;3,44;;;;
819;740;686;;;819;1,333;0;2,65;;;;
820;687;740;;;820;1,333;0;1,86;;;;
821;741;687;;;821;1,333;0;0;;;;
822;688;741;;;822;0;0;0;;;;
823;742;688;;;823;17,05;11,304;0;;;;
824;689;742;;;824;22,998;0;0;;;;
825;624;622;;;825;28,5;16,155;0;;;;
826;625;624;;;826;22,69;13,929;0;;;;
827;743;626;;;827;22,69;13,929;12,4;;;;
828;700;1073;;;828;17,05;11,304;12,4;;;;
829;1073;1074;;;829;45,996;0;4,23;;;;
830;1074;1075;;;830;42,163;0;5,02;;;;
831;1075;743;;;831;38,33;0;5,81;;;;
832;744;1076;;;832;34,497;0;6,6;;;;
833;1076;1077;;;833;30,664;0;7,39;;;;
834;1077;1078;;;834;26,831;0;8,18;;;;
835;1078;700;;;835;22,998;0;8,97;;;;
836;745;1079;;;836;15,332;0;10,55;;;;
837;1079;1080;;;837;26,831;0;12,4;;;;
838;1080;1081;;;838;30,664;0;12,4;;;;
839;1081;1082;;;839;34,497;0;12,4;;;;
840;1082;1083;;;840;34,497;0;10,55;;;;
841;1083;744;;;841;30,664;0;10,55;;;;
842;746;1084;;;842;30,664;0;9,76;;;;
843;1084;1085;;;843;30,664;0;8,97;;;;
844;1085;1086;;;844;30,664;0;8,18;;;;
845;1086;1087;;;845;26,831;0;10,55;;;;
846;1087;1088;;;846;22,998;0;9,76;;;;
847;1088;745;;;847;84,326;0;8,97;;;;
848;747;746;;;848;69,15;20,236;0;;;;
849;748;747;;;849;63,3;20,811;0;;;;
850;749;748;;;850;84,326;0;9,76;;;;
851;750;749;;;851;99,658;0;0;;;;
852;751;750;;;852;95,825;0;1,86;;;;
853;752;751;;;853;91,992;0;2,65;;;;
854;753;752;;;854;88,159;0;3,44;;;;
855;754;753;;;855;84,326;0;4,23;;;;
856;755;754;;;856;80,493;0;5,02;;;;
857;756;755;;;857;76,66;0;5,81;;;;
858;649;756;;;858;72,827;0;6,6;;;;
859;627;743;;;859;68,994;0;7,39;;;;
860;757;627;;;860;65,161;0;8,18;;;;
861;628;757;;;861;61,328;0;8,97;;;;
862;758;628;;;862;88,159;0;0;;;;
863;629;758;;;863;88,159;0;1,86;;;;
864;759;629;;;864;84,326;0;1,86;;;;
865;630;759;;;865;84,326;0;2,65;;;;
866;760;630;;;866;80,493;0;2,65;;;;
867;631;760;;;867;80,493;0;3,44;;;;
868;761;631;;;868;76,66;0;3,44;;;;
869;632;761;;;869;76,66;0;4,23;;;;
870;762;632;;;870;72,827;0;4,23;;;;
871;633;762;;;871;72,827;0;5,02;;;;
872;763;633;;;872;68,994;0;5,02;;;;
873;634;763;;;873;68,994;0;5,81;;;;
874;764;634;;;874;65,161;0;5,81;;;;
875;635;764;;;875;65,161;0;6,6;;;;
876;765;635;;;876;61,328;0;6,6;;;;
877;636;765;;;877;61,328;0;7,39;;;;
878;766;636;;;878;74,95;19,277;0;;;;
879;637;766;;;879;80,493;0;1,86;;;;
880;767;637;;;880;76,66;0;2,65;;;;
881;641;767;;;881;72,827;0;3,44;;;;
882;641;638;;;882;68,994;0;4,23;;;;
883;639;584;;;883;65,161;0;5,02;;;;
884;768;640;;;884;61,328;0;5,81;;;;
885;769;642;;;885;72,827;0;0;;;;
886;770;769;;;886;68,994;0;1,86;;;;
887;770;771;;;887;65,161;0;2,65;;;;
888;772;771;;;888;61,328;0;3,44;;;;
889;772;773;;;889;51,7;20,811;12,4;;;;
890;773;774;;;890;45,996;0;12,4;;;;
891;774;775;;;891;42,163;0;12,4;;;;
892;775;776;;;892;42,163;0;10,55;;;;
893;776;777;;;893;38,33;0;10,55;;;;
894;777;778;;;894;38,33;0;9,76;;;;
895;778;779;;;895;38,33;0;8,97;;;;
896;779;780;;;896;38,33;0;8,18;;;;
897;780;781;;;897;38,33;0;7,39;;;;
898;781;658;;;898;38,33;0;6,6;;;;
899;782;643;;;899;49,829;0;12,4;;;;
900;771;782;;;900;40,05;19,277;12,4;;;;
901;783;644;;;901;45,85;20,236;12,4;;;;
902;782;783;;;902;45,996;0;9,76;;;;
903;773;782;;;903;45,996;0;10,55;;;;
904;784;645;;;904;45,996;0;8,97;;;;
905;783;784;;;905;42,163;0;9,76;;;;
906;774;783;;;906;45,996;0;8,18;;;;
907;785;646;;;907;42,163;0;8,97;;;;
908;784;785;;;908;45,996;0;7,39;;;;
909;775;784;;;909;42,163;0;8,18;;;;
910;786;647;;;910;45,996;0;6,6;;;;
911;785;786;;;911;42,163;0;7,39;;;;
912;776;785;;;912;45,996;0;5,81;;;;
913;787;648;;;913;42,163;0;6,6;;;;
914;786;787;;;914;45,996;0;5,02;;;;
915;777;786;;;915;42,163;0;5,81;;;;
916;788;649;;;916;61,328;0;8,18;;;;
917;787;788;;;917;61,328;0;2,65;;;;
918;778;787;;;918;61,328;0;1,86;;;;
919;789;650;;;919;61,328;0;0;;;;
920;788;789;;;920;51,7;20,811;0;;;;
921;779;788;;;921;45,996;0;0;;;;
922;790;651;;;922;42,163;0;0;;;;
923;789;790;;;923;42,163;0;1,86;;;;
924;780;789;;;924;38,33;0;1,86;;;;
925;791;652;;;925;38,33;0;2,65;;;;
926;790;791;;;926;34,497;0;2,65;;;;
927;781;790;;;927;34,497;0;3,44;;;;
928;656;653;;;928;30,664;0;3,44;;;;
929;791;656;;;929;30,664;0;4,23;;;;
930;658;791;;;930;26,831;0;4,23;;;;
931;654;792;;;931;26,831;0;5,02;;;;
932;793;655;;;932;22,998;0;5,02;;;;
933;657;793;;;933;22,998;0;5,81;;;;
934;794;657;;;934;19,165;0;5,81;;;;
935;659;794;;;935;19,165;0;6,6;;;;
936;795;659;;;936;15,332;0;6,6;;;;
937;661;795;;;937;15,332;0;7,39;;;;
938;796;661;;;938;11,499;0;7,39;;;;
939;663;796;;;939;11,499;0;8,18;;;;
940;797;663;;;940;7,666;0;8,18;;;;
941;665;797;;;941;7,666;0;8,97;;;;
942;798;665;;;942;3,833;0;8,97;;;;
943;667;798;;;943;3,833;0;9,76;;;;
944;799;667;;;944;40,05;19,277;0;;;;
945;669;799;;;945;45,85;20,236;0;;;;
946;800;669;;;946;68,994;0;0;;;;
947;671;800;;;947;1,333;0;12,4;;;;
948;801;671;;;948;0;0;12,4;;;;
949;673;801;;;949;28,5;16,155;12,4;;;;
950;802;673;;;950;0;0;9,76;;;;
951;675;802;;;951;0;0;10,55;;;;
952;803;675;;;952;0;0;8,97;;;;
953;677;803;;;953;0;0;8,18;;;;
954;804;677;;;954;0;0;7,39;;;;
955;805;804;;;955;0;0;6,6;;;;
956;806;805;;;956;0;0;5,81;;;;
957;807;806;;;957;0;0;5,02;;;;
958;807;808;;;958;0;0;4,23;;;;
959;809;808;;;959;0;0;3,44;;;;
960;809;810;;;960;0;0;2,65;;;;
961;810;811;;;961;0;0;1,86;;;;
962;811;812;;;962;3,833;0;0;;;;
963;812;813;;;963;11,499;0;0;;;;
964;813;814;;;964;7,666;0;0;;;;
965;814;815;;;965;7,666;0;1,86;;;;
966;815;816;;;966;3,833;0;1,86;;;;
967;816;817;;;967;3,833;0;2,65;;;;
968;817;818;;;968;19,165;0;0;;;;
969;818;819;;;969;19,165;0;1,86;;;;
970;819;820;;;970;15,332;0;1,86;;;;
971;820;821;;;971;15,332;0;2,65;;;;
972;822;821;;;972;11,499;0;2,65;;;;
973;822;1089;;;973;11,499;0;3,44;;;;
974;1089;1090;;;974;7,666;0;3,44;;;;
975;1090;1091;;;975;7,666;0;4,23;;;;
976;1091;1092;;;976;3,833;0;4,23;;;;
977;1092;1093;;;977;3,833;0;5,02;;;;
978;1093;1094;;;978;34,497;0;0;;;;
979;1094;823;;;979;34,497;0;7,39;;;;
980;823;1095;;;980;26,831;0;8,97;;;;
981;1095;1096;;;981;38,33;0;12,4;;;;
982;1096;1097;;;982;34,497;0;9,76;;;;
983;1097;824;;;983;34,497;0;8,97;;;;
984;824;1098;;;984;34,497;0;8,18;;;;
985;1098;1099;;;985;26,831;0;9,76;;;;
986;1099;1100;;;986;95,825;0;0;;;;
987;1100;1101;;;987;91,992;0;1,86;;;;
988;1101;1102;;;988;88,159;0;2,65;;;;
989;1102;825;;;989;84,326;0;3,44;;;;
990;826;1103;;;990;80,493;0;4,23;;;;
991;1103;825;;;991;76,66;0;5,02;;;;
992;826;1104;;;992;72,827;0;5,81;;;;
993;1104;1105;;;993;68,994;0;6,6;;;;
994;1105;1106;;;994;65,161;0;7,39;;;;
995;1106;827;;;995;84,326;0;0;;;;
996;828;1107;;;996;65,161;0;1,86;;;;
997;1107;827;;;997;65,161;0;0;;;;
998;679;1108;;;998;38,33;0;0;;;;
999;1108;1109;;;999;34,497;0;1,86;;;;
1000;1109;1110;;;1000;30,664;0;2,65;;;;
1001;1110;828;;;1001;26,831;0;3,44;;;;
1002;806;679;;;1002;22,998;0;4,23;;;;
1003;660;781;;;1003;19,165;0;5,02;;;;
1004;829;660;;;1004;15,332;0;5,81;;;;
1005;662;829;;;1005;11,499;0;6,6;;;;
1006;830;662;;;1006;7,666;0;7,39;;;;
1007;664;830;;;1007;3,833;0;8,18;;;;
1008;831;664;;;1008;3,833;0;7,39;;;;
1009;666;831;;;1009;3,833;0;6,6;;;;
1010;832;666;;;1010;3,833;0;5,81;;;;
1011;668;832;;;1011;3,833;0;3,44;;;;
1012;833;668;;;1012;11,499;0;1,86;;;;
1013;670;833;;;1013;7,666;0;2,65;;;;
1014;834;670;;;1014;22,998;0;1,86;;;;
1015;672;834;;;1015;19,165;0;2,65;;;;
1016;835;672;;;1016;15,332;0;3,44;;;;
1017;674;835;;;1017;11,499;0;4,23;;;;
1018;676;685;;;1018;7,666;0;5,02;;;;
1019;836;676;;;1019;15,332;0;0;;;;
1020;680;836;;;1020;30,664;0;0;;;;
1021;805;678;;;1021;30,664;0;1,86;;;;
1022;681;684;;;1022;26,831;0;1,86;;;;
1023;682;837;;;1023;26,831;0;2,65;;;;
1024;837;838;;;1024;22,998;0;2,65;;;;
1025;838;839;;;1025;22,998;0;3,44;;;;
1026;839;840;;;1026;19,165;0;3,44;;;;
1027;841;840;;;1027;19,165;0;4,23;;;;
1028;841;842;;;1028;15,332;0;4,23;;;;
1029;842;843;;;1029;15,332;0;5,02;;;;
1030;843;844;;;1030;11,499;0;5,02;;;;
1031;844;833;;;1031;11,499;0;5,81;;;;
1032;683;845;;;1032;7,666;0;5,81;;;;
1033;683;846;;;1033;7,666;0;6,6;;;;
1034;846;835;;;1034;26,831;0;0;;;;
1035;690;727;;;1035;64,113;17,838;12,4;;;;
1036;691;708;;;1036;64,927;14,865;12,4;;;;
1037;847;691;;;1037;65,74;11,892;12,4;;;;
1038;692;847;;;1038;66,554;8,9191;12,4;;;;
1039;590;710;;;1039;67,367;5,9461;12,4;;;;
1040;583;693;;;1040;68,181;2,973;12,4;;;;
1041;584;1111;;;1041;66,23;20,572;12,4;;;;
1042;1111;1112;;;1042;72,058;19,804;12,4;;;;
1043;1112;1113;;;1043;77,875;18,642;12,4;;;;
1044;1113;1114;;;1044;80,777;17,91;12,4;;;;
1045;1114;1115;;;1045;83,653;17,081;12,4;;;;
1046;1115;1116;;;1046;89,424;15,093;12,4;;;;
1047;1116;696;;;1047;92,31;13,929;3,1;;;;
1048;768;1117;;;1048;92,31;13,929;6,2;;;;
1049;1117;1118;;;1049;92,31;13,929;9,3;;;;
1050;1118;1119;;;1050;95,153;12,666;0;;;;
1051;1119;1120;;;1051;100,54;9,9332;0;;;;
1052;1120;1121;;;1052;103,08;8,4785;0;;;;
1053;1121;1122;;;1053;105,57;6,9412;0;;;;
1054;1122;694;;;1054;108,01;5,3229;0;;;;
1055;769;768;;;1055;110,4;3,6254;0;;;;
1056;848;1123;;;1056;112,73;1,8505;0;;;;
1057;1123;1124;;;1057;99,335;8,4777;12,4;;;;
1058;1124;1125;;;1058;100,72;5,6518;12,4;;;;
1059;1125;695;;;1059;102,11;2,8259;12,4;;;;
1060;849;1126;;;1060;93,481;2,8259;12,4;;;;
1061;1126;848;;;1061;94,971;5,6518;12,4;;;;
1062;792;1127;;;1062;96,461;8,4777;12,4;;;;
1063;1127;1128;;;1063;87,415;13,463;12,4;;;;
1064;1128;1129;;;1064;88,331;10,77;12,4;;;;
1065;1129;1130;;;1065;89,246;8,0777;12,4;;;;
1066;1130;1131;;;1066;90,161;5,3851;12,4;;;;
1067;1131;1132;;;1067;91,077;2,6926;12,4;;;;
1068;1132;849;;;1068;81,494;2,6926;12,4;;;;
1069;696;1133;;;1069;82,495;5,3851;12,4;;;;
1070;1133;1134;;;1070;83,496;8,0777;12,4;;;;
1071;1134;1135;;;1071;84,498;10,77;12,4;;;;
1072;1135;1136;;;1072;85,499;13,463;12,4;;;;
1073;1136;1137;;;1073;99,335;8,4777;0;;;;
1074;1137;1138;;;1074;100,72;5,6518;0;;;;
1075;1138;587;;;1075;102,11;2,8259;0;;;;
1076;698;1139;;;1076;93,481;2,8259;0;;;;
1077;1139;715;;;1077;94,971;5,6518;0;;;;
1078;745;1140;;;1078;96,461;8,4777;0;;;;
1079;1140;699;;;1079;87,415;13,463;0;;;;
1080;693;589;;;1080;88,331;10,77;0;;;;
1081;701;709;;;1081;89,246;8,0777;0;;;;
1082;702;705;;;1082;90,161;5,3851;0;;;;
1083;703;722;;;1083;91,077;2,6926;0;;;;
1084;850;706;;;1084;81,494;2,6926;0;;;;
1085;709;850;;;1085;82,495;5,3851;0;;;;
1086;847;707;;;1086;83,496;8,0777;0;;;;
1087;850;847;;;1087;84,498;10,77;0;;;;
1088;710;850;;;1088;85,499;13,463;0;;;;
1089;709;705;;;1089;2,27;1,8505;0;;;;
1090;715;1141;;;1090;4,5996;3,6254;0;;;;
1091;1141;1142;;;1091;6,9861;5,3229;0;;;;
1092;1142;1143;;;1092;9,4271;6,9412;0;;;;
1093;1143;1144;;;1093;11,92;8,4785;0;;;;
1094;1144;1145;;;1094;14,462;9,9332;0;;;;
1095;1145;1146;;;1095;18,537;8,4777;0;;;;
1096;1146;712;;;1096;20,024;5,6518;0;;;;
1097;717;594;;;1097;21,511;2,8259;0;;;;
1098;721;714;;;1098;23,915;2,6926;0;;;;
1099;720;717;;;1099;24,832;5,3851;0;;;;
1100;723;720;;;1100;25,749;8,0777;0;;;;
1101;706;724;;;1101;26,666;10,77;0;;;;
1102;707;725;;;1102;27,583;13,463;0;;;;
1103;708;726;;;1103;25,576;15,093;0;;;;
1104;851;743;;;1104;22,69;13,929;3,1;;;;
1105;757;851;;;1105;22,69;13,929;6,2;;;;
1106;852;757;;;1106;22,69;13,929;9,3;;;;
1107;758;852;;;1107;19,847;12,666;12,4;;;;
1108;853;758;;;1108;12,887;2,8259;12,4;;;;
1109;759;853;;;1109;14,274;5,6518;12,4;;;;
1110;854;759;;;1110;15,662;8,4777;12,4;;;;
1111;760;854;;;1111;69,845;2,7538;12,4;;;;
1112;855;760;;;1112;70,696;5,5077;12,4;;;;
1113;761;855;;;1113;71,547;8,2615;12,4;;;;
1114;856;761;;;1114;72,397;11,015;12,4;;;;
1115;762;856;;;1115;73,248;13,769;12,4;;;;
1116;857;762;;;1116;74,099;16,523;12,4;;;;
1117;763;857;;;1117;58,329;2,973;12,4;;;;
1118;858;763;;;1118;59,157;5,9461;12,4;;;;
1119;764;858;;;1119;59,986;8,9191;12,4;;;;
1120;859;764;;;1120;60,814;11,892;12,4;;;;
1121;765;859;;;1121;61,643;14,865;12,4;;;;
1122;860;765;;;1122;62,471;17,838;12,4;;;;
1123;766;860;;;1123;69,15;20,236;3,1;;;;
1124;861;766;;;1124;69,15;20,236;6,2;;;;
1125;767;861;;;1125;69,15;20,236;9,3;;;;
1126;643;767;;;1126;66,23;20,572;0;;;;
1127;862;744;;;1127;58,329;2,973;0;;;;
1128;863;862;;;1128;59,157;5,9461;0;;;;
1129;864;863;;;1129;59,986;8,9191;0;;;;
1130;865;864;;;1130;60,814;11,892;0;;;;
1131;866;865;;;1131;61,643;14,865;0;;;;
1132;867;866;;;1132;62,471;17,838;0;;;;
1133;868;867;;;1133;75,742;16,523;12,4;;;;
1134;869;868;;;1134;76,534;13,769;12,4;;;;
1135;870;869;;;1135;77,326;11,015;12,4;;;;
1136;871;870;;;1136;78,117;8,2615;12,4;;;;
1137;872;871;;;1137;78,909;5,5077;12,4;;;;
1138;873;872;;;1138;79,701;2,7538;12,4;;;;
1139;874;873;;;1139;95,153;12,666;12,4;;;;
1140;875;874;;;1140;89,424;15,093;0;;;;
1141;876;875;;;1141;100,54;9,9332;12,4;;;;
1142;877;876;;;1142;103,08;8,4785;12,4;;;;
1143;646;877;;;1143;105,57;6,9412;12,4;;;;
1144;878;1147;;;1144;108,01;5,3229;12,4;;;;
1145;1147;1148;;;1145;110,4;3,6254;12,4;;;;
1146;1148;1149;;;1146;112,73;1,8505;12,4;;;;
1147;1149;745;;;1147;77,875;18,642;0;;;;
1148;878;1150;;;1148;80,777;17,91;0;;;;
1149;1150;1151;;;1149;83,653;17,081;0;;;;
1150;1151;1152;;;1150;75,742;16,523;0;;;;
1151;1152;1153;;;1151;76,534;13,769;0;;;;
1152;1153;1154;;;1152;77,326;11,015;0;;;;
1153;1154;1155;;;1153;78,117;8,2615;0;;;;
1154;1155;746;;;1154;78,909;5,5077;0;;;;
1155;879;746;;;1155;79,701;2,7538;0;;;;
1156;748;879;;;1156;52,529;17,838;12,4;;;;
1157;880;748;;;1157;53,357;14,865;12,4;;;;
1158;750;880;;;1158;54,186;11,892;12,4;;;;
1159;881;750;;;1159;55,014;8,9191;12,4;;;;
1160;752;881;;;1160;55,843;5,9461;12,4;;;;
1161;882;752;;;1161;56,671;2,973;12,4;;;;
1162;754;882;;;1162;46,811;2,973;12,4;;;;
1163;883;754;;;1163;47,626;5,9461;12,4;;;;
1164;756;883;;;1164;48,441;8,9191;12,4;;;;
1165;884;756;;;1165;49,255;11,892;12,4;;;;
1166;648;884;;;1166;50,07;14,865;12,4;;;;
1167;885;747;;;1167;50,885;17,838;12,4;;;;
1168;749;885;;;1168;40,899;16,523;12,4;;;;
1169;886;749;;;1169;41,749;13,769;12,4;;;;
1170;751;886;;;1170;42,598;11,015;12,4;;;;
1171;887;751;;;1171;43,448;8,2615;12,4;;;;
1172;753;887;;;1172;44,297;5,5077;12,4;;;;
1173;888;753;;;1173;45,147;2,7538;12,4;;;;
1174;755;888;;;1174;42,942;19,804;12,4;;;;
1175;650;755;;;1175;48,77;20,572;12,4;;;;
1176;889;1156;;;1176;54,598;20,953;12,4;;;;
1177;1156;1157;;;1177;57,5;21;12,4;;;;
1178;1157;1158;;;1178;60,402;20,953;12,4;;;;
1179;1158;1159;;;1179;52,529;17,838;0;;;;
1180;1159;1160;;;1180;53,357;14,865;0;;;;
1181;1160;1161;;;1181;54,186;11,892;0;;;;
1182;1161;768;;;1182;55,014;8,9191;0;;;;
1183;890;1162;;;1183;55,843;5,9461;0;;;;
1184;1162;1163;;;1184;56,671;2,973;0;;;;
1185;1163;1164;;;1185;46,811;2,973;0;;;;
1186;1164;1165;;;1186;47,626;5,9461;0;;;;
1187;1165;1166;;;1187;48,441;8,9191;0;;;;
1188;1166;1167;;;1188;49,255;11,892;0;;;;
1189;1167;889;;;1189;50,07;14,865;0;;;;
1190;891;890;;;1190;50,885;17,838;0;;;;
1191;891;892;;;1191;40,899;16,523;0;;;;
1192;893;892;;;1192;41,749;13,769;0;;;;
1193;893;894;;;1193;42,598;11,015;0;;;;
1194;894;895;;;1194;43,448;8,2615;0;;;;
1195;895;896;;;1195;44,297;5,5077;0;;;;
1196;896;897;;;1196;45,147;2,7538;0;;;;
1197;897;898;;;1197;42,942;19,804;0;;;;
1198;898;831;;;1198;48,77;20,572;0;;;;
1199;771;642;;;1199;54,598;20,953;0;;;;
1200;899;770;;;1200;57,5;21;0;;;;
1201;899;772;;;1201;60,402;20,953;0;;;;
1202;890;899;;;1202;64,113;17,838;0;;;;
1203;900;1168;;;1203;64,927;14,865;0;;;;
1204;1168;1169;;;1204;65,74;11,892;0;;;;
1205;1169;1170;;;1205;66,554;8,9191;0;;;;
1206;1170;1171;;;1206;67,367;5,9461;0;;;;
1207;1171;1172;;;1207;68,181;2,973;0;;;;
1208;1172;1173;;;1208;69,845;2,7538;0;;;;
1209;1173;890;;;1209;70,696;5,5077;0;;;;
1210;900;1174;;;1210;71,547;8,2615;0;;;;
1211;1174;901;;;1211;72,397;11,015;0;;;;
1212;901;1175;;;1212;73,248;13,769;0;;;;
1213;1175;889;;;1213;74,099;16,523;0;;;;
1214;889;1176;;;1214;72,058;19,804;0;;;;
1215;1176;1177;;;1215;2,27;1,8505;12,4;;;;
1216;1177;1178;;;1216;4,5996;3,6254;12,4;;;;
1217;1178;694;;;1217;6,9861;5,3229;12,4;;;;
1218;902;773;;;1218;9,4271;6,9412;12,4;;;;
1219;903;902;;;1219;11,92;8,4785;12,4;;;;
1220;890;903;;;1220;14,462;9,9332;12,4;;;;
1221;904;774;;;1221;18,537;8,4777;12,4;;;;
1222;902;904;;;1222;20,024;5,6518;12,4;;;;
1223;905;902;;;1223;21,511;2,8259;12,4;;;;
1224;892;905;;;1224;23,915;2,6926;12,4;;;;
1225;906;775;;;1225;24,832;5,3851;12,4;;;;
1226;904;906;;;1226;25,749;8,0777;12,4;;;;
1227;907;904;;;1227;26,666;10,77;12,4;;;;
1228;905;907;;;1228;27,583;13,463;12,4;;;;
1229;894;905;;;1229;25,576;15,093;12,4;;;;
1230;908;776;;;1230;19,847;12,666;0;;;;
1231;906;908;;;1231;12,887;2,8259;0;;;;
1232;909;906;;;1232;14,274;5,6518;0;;;;
1233;907;909;;;1233;15,662;8,4777;0;;;;
1234;895;907;;;1234;31,347;17,081;0;;;;
1235;910;777;;;1235;34,223;17,91;0;;;;
1236;908;910;;;1236;37,125;18,642;0;;;;
1237;911;908;;;1237;29,5;13,463;0;;;;
1238;909;911;;;1238;30,499;10,77;0;;;;
1239;896;909;;;1239;31,499;8,0777;0;;;;
1240;912;778;;;1240;32,498;5,3851;0;;;;
1241;910;912;;;1241;33,498;2,6926;0;;;;
1242;913;910;;;1242;35,29;2,7538;0;;;;
1243;911;913;;;1243;36,084;5,5077;0;;;;
1244;897;911;;;1244;36,877;8,2615;0;;;;
1245;914;779;;;1245;37,67;11,015;0;;;;
1246;912;914;;;1246;38,463;13,769;0;;;;
1247;915;912;;;1247;39,257;16,523;0;;;;
1248;913;915;;;1248;35,29;2,7538;12,4;;;;
1249;898;913;;;1249;36,084;5,5077;12,4;;;;
1250;829;780;;;1250;36,877;8,2615;12,4;;;;
1251;914;829;;;1251;37,67;11,015;12,4;;;;
1252;830;914;;;1252;38,463;13,769;12,4;;;;
1253;915;830;;;1253;39,257;16,523;12,4;;;;
1254;831;915;;;1254;45,85;20,236;3,1;;;;
1255;644;861;;;1255;45,85;20,236;6,2;;;;
1256;645;916;;;1256;45,85;20,236;9,3;;;;
1257;647;876;;;1257;31,347;17,081;12,4;;;;
1258;651;888;;;1258;34,223;17,91;12,4;;;;
1259;652;917;;;1259;37,125;18,642;12,4;;;;
1260;653;918;;;1260;29,5;13,463;12,4;;;;
1261;792;919;;;1261;30,499;10,77;12,4;;;;
1262;920;1179;;;1262;31,499;8,0777;12,4;;;;
1263;1179;1180;;;1263;32,498;5,3851;12,4;;;;
1264;1180;1181;;;1264;33,498;2,6926;12,4;;;;
1265;1181;1182;;;1265;113,66;0;0;;;;
1266;1182;1183;;;1266;113,66;0;1,86;;;;
1267;1183;1184;;;1267;111,16;0;1,86;;;;
1268;1184;792;;;1268;111,16;0;0;;;;
1269;921;1185;;;1269;113,66;0;2,64;;;;
1270;1185;1186;;;1270;111,16;0;2,64;;;;
1271;1186;1187;;;1271;113,66;0;3,43;;;;
1272;1187;1188;;;1272;111,16;0;3,43;;;;
1273;1188;1189;;;1273;113,66;0;4,22;;;;
1274;1189;1190;;;1274;111,16;0;4,22;;;;
1275;1190;920;;;1275;113,66;0;5,01;;;;
1276;922;921;;;1276;111,16;0;5,01;;;;
1277;923;922;;;1277;113,66;0;5,8;;;;
1278;924;923;;;1278;111,16;0;5,8;;;;
1279;925;924;;;1279;113,66;0;6,59;;;;
1280;926;925;;;1280;111,16;0;6,59;;;;
1281;927;926;;;1281;113,66;0;7,38;;;;
1282;928;927;;;1282;111,16;0;7,38;;;;
1283;929;928;;;1283;113,66;0;8,17;;;;
1284;930;929;;;1284;111,16;0;8,17;;;;
1285;931;930;;;1285;113,66;0;8,96;;;;
1286;932;931;;;1286;111,16;0;8,96;;;;
1287;933;932;;;1287;113,66;0;9,75;;;;
1288;934;933;;;1288;111,16;0;9,75;;;;
1289;935;934;;;1289;113,66;0;10,54;;;;
1290;936;935;;;1290;111,16;0;10,54;;;;
1291;937;936;;;1291;113,66;0;12,4;;;;
1292;938;937;;;1292;111,16;0;12,4;;;;
1293;939;938;;;1293;107,32;0;1,86;;;;
1294;940;939;;;1294;107,32;0;0;;;;
1295;941;940;;;1295;107,32;0;2,64;;;;
1296;942;941;;;1296;107,32;0;3,43;;;;
1297;943;942;;;1297;107,32;0;4,22;;;;
1298;810;943;;;1298;107,32;0;5,01;;;;
1299;921;793;;;1299;107,32;0;5,8;;;;
1300;944;1191;;;1300;107,32;0;6,59;;;;
1301;1191;1192;;;1301;107,32;0;7,38;;;;
1302;1192;1193;;;1302;107,32;0;8,17;;;;
1303;1193;1194;;;1303;107,32;0;8,96;;;;
1304;1194;1195;;;1304;107,32;0;9,75;;;;
1305;1195;1196;;;1305;107,32;0;10,54;;;;
1306;1196;921;;;1306;107,32;0;12,4;;;;
1307;944;1197;;;1307;103,49;0;1,86;;;;
1308;1197;945;;;1308;103,49;0;0;;;;
1309;945;1198;;;1309;103,49;0;2,64;;;;
1310;1198;920;;;1310;103,49;0;3,43;;;;
1311;920;1199;;;1311;103,49;0;4,22;;;;
1312;1199;1200;;;1312;103,49;0;5,01;;;;
1313;1200;1201;;;1313;103,49;0;5,8;;;;
1314;1201;849;;;1314;103,49;0;6,59;;;;
1315;849;1202;;;1315;103,49;0;7,38;;;;
1316;1202;1203;;;1316;103,49;0;8,17;;;;
1317;1203;1204;;;1317;103,49;0;8,96;;;;
1318;1204;1205;;;1318;103,49;0;9,75;;;;
1319;1205;1206;;;1319;103,49;0;10,54;;;;
1320;1206;1207;;;1320;103,49;0;12,4;;;;
1321;1207;946;;;1321;99,658;0;1,86;;;;
1322;946;1208;;;1322;99,658;0;0;;;;
1323;1208;1209;;;1323;99,658;0;2,64;;;;
1324;1209;1210;;;1324;99,658;0;3,43;;;;
1325;1210;1211;;;1325;99,658;0;4,22;;;;
1326;1211;1212;;;1326;99,658;0;5,01;;;;
1327;1212;1213;;;1327;99,658;0;5,8;;;;
1328;1213;878;;;1328;99,658;0;6,59;;;;
1329;848;1214;;;1329;99,658;0;7,38;;;;
1330;1214;878;;;1330;99,658;0;8,17;;;;
1331;794;921;;;1331;99,658;0;8,96;;;;
1332;923;794;;;1332;99,658;0;9,75;;;;
1333;795;923;;;1333;99,658;0;10,54;;;;
1334;925;795;;;1334;99,658;0;12,4;;;;
1335;796;925;;;1335;95,825;0;1,86;;;;
1336;927;796;;;1336;95,825;0;0;;;;
1337;797;927;;;1337;95,825;0;2,64;;;;
1338;929;797;;;1338;95,825;0;3,43;;;;
1339;798;929;;;1339;95,825;0;4,22;;;;
1340;931;798;;;1340;95,825;0;5,01;;;;
1341;799;931;;;1341;95,825;0;5,8;;;;
1342;933;799;;;1342;95,825;0;6,59;;;;
1343;800;933;;;1343;95,825;0;7,38;;;;
1344;935;800;;;1344;95,825;0;8,17;;;;
1345;801;935;;;1345;95,825;0;8,96;;;;
1346;937;801;;;1346;95,825;0;9,75;;;;
1347;802;937;;;1347;95,825;0;10,54;;;;
1348;939;802;;;1348;95,825;0;12,4;;;;
1349;803;939;;;1349;91,992;0;1,86;;;;
1350;941;803;;;1350;91,992;0;0;;;;
1351;804;941;;;1351;91,992;0;2,64;;;;
1352;943;804;;;1352;91,992;0;3,43;;;;
1353;808;943;;;1353;91,992;0;4,22;;;;
1354;808;805;;;1354;91,992;0;5,01;;;;
1355;947;807;;;1355;91,992;0;5,8;;;;
1356;947;809;;;1356;91,992;0;6,59;;;;
1357;948;947;;;1357;91,992;0;7,38;;;;
1358;948;1215;;;1358;91,992;0;8,17;;;;
1359;1215;1216;;;1359;91,992;0;8,96;;;;
1360;1216;1217;;;1360;91,992;0;9,75;;;;
1361;1217;1218;;;1361;91,992;0;10,54;;;;
1362;1218;1219;;;1362;91,992;0;12,4;;;;
1363;1219;1220;;;1363;88,159;0;1,86;;;;
1364;1220;828;;;1364;88,159;0;0;;;;
1365;828;1221;;;1365;88,159;0;2,64;;;;
1366;1221;1222;;;1366;88,159;0;3,43;;;;
1367;1222;1223;;;1367;88,159;0;4,22;;;;
1368;1223;682;;;1368;88,159;0;5,01;;;;
1369;682;1224;;;1369;88,159;0;5,8;;;;
1370;1224;1225;;;1370;88,159;0;6,59;;;;
1371;1225;1226;;;1371;88,159;0;7,38;;;;
1372;1226;1227;;;1372;88,159;0;8,17;;;;
1373;1227;1228;;;1373;88,159;0;8,96;;;;
1374;1228;949;;;1374;88,159;0;9,75;;;;
1375;827;1229;;;1375;88,159;0;10,54;;;;
1376;1229;949;;;1376;88,159;0;12,4;;;;
1377;950;810;;;1377;84,326;0;1,86;;;;
1378;951;950;;;1378;84,326;0;0;;;;
1379;948;951;;;1379;84,326;0;2,64;;;;
1380;952;811;;;1380;84,326;0;3,43;;;;
1381;950;952;;;1381;84,326;0;4,22;;;;
1382;953;812;;;1382;84,326;0;5,01;;;;
1383;952;953;;;1383;84,326;0;5,8;;;;
1384;954;813;;;1384;84,326;0;6,59;;;;
1385;953;954;;;1385;84,326;0;7,38;;;;
1386;955;814;;;1386;84,326;0;8,17;;;;
1387;954;955;;;1387;84,326;0;8,96;;;;
1388;956;815;;;1388;84,326;0;9,75;;;;
1389;955;956;;;1389;84,326;0;10,54;;;;
1390;957;816;;;1390;84,326;0;12,4;;;;
1391;956;957;;;1391;80,493;0;1,86;;;;
1392;958;817;;;1392;80,493;0;0;;;;
1393;957;958;;;1393;80,493;0;2,64;;;;
1394;959;818;;;1394;80,493;0;3,43;;;;
1395;958;959;;;1395;80,493;0;4,22;;;;
1396;960;819;;;1396;80,493;0;5,01;;;;
1397;959;960;;;1397;80,493;0;5,8;;;;
1398;961;820;;;1398;80,493;0;6,59;;;;
1399;960;961;;;1399;80,493;0;7,38;;;;
1400;821;962;;;1400;80,493;0;8,17;;;;
1401;961;822;;;1401;80,493;0;8,96;;;;
1402;823;1230;;;1402;80,493;0;9,75;;;;
1403;1230;826;;;1403;80,493;0;10,54;;;;
1404;963;1231;;;1404;80,493;0;12,4;;;;
1405;1231;1232;;;1405;76,66;0;1,86;;;;
1406;1232;1233;;;1406;76,66;0;0;;;;
1407;1233;823;;;1407;76,66;0;2,64;;;;
1408;964;963;;;1408;76,66;0;3,43;;;;
1409;965;964;;;1409;76,66;0;4,22;;;;
1410;966;965;;;1410;76,66;0;5,01;;;;
1411;967;966;;;1411;76,66;0;5,8;;;;
1412;819;967;;;1412;76,66;0;6,59;;;;
1413;968;824;;;1413;76,66;0;7,38;;;;
1414;969;968;;;1414;76,66;0;8,17;;;;
1415;970;969;;;1415;76,66;0;8,96;;;;
1416;971;970;;;1416;76,66;0;9,75;;;;
1417;972;971;;;1417;76,66;0;10,54;;;;
1418;973;972;;;1418;76,66;0;12,4;;;;
1419;974;973;;;1419;72,827;0;1,86;;;;
1420;975;974;;;1420;72,827;0;0;;;;
1421;976;975;;;1421;72,827;0;2,64;;;;
1422;977;976;;;1422;72,827;0;3,43;;;;
1423;816;977;;;1423;72,827;0;4,22;;;;
1424;825;1234;;;1424;72,827;0;5,01;;;;
1425;1234;1235;;;1425;72,827;0;5,8;;;;
1426;1235;1236;;;1426;72,827;0;6,59;;;;
1427;1236;944;;;1427;72,827;0;7,38;;;;
1428;825;1237;;;1428;72,827;0;8,17;;;;
1429;1237;1238;;;1429;72,827;0;8,96;;;;
1430;1238;1239;;;1430;72,827;0;9,75;;;;
1431;1239;1240;;;1431;72,827;0;10,54;;;;
1432;1240;1241;;;1432;72,827;0;12,4;;;;
1433;1241;978;;;1433;68,994;0;1,86;;;;
1434;978;1242;;;1434;68,994;0;0;;;;
1435;1242;1243;;;1435;68,994;0;2,64;;;;
1436;1243;1244;;;1436;68,994;0;3,43;;;;
1437;1244;1245;;;1437;68,994;0;4,22;;;;
1438;1245;1246;;;1438;68,994;0;5,01;;;;
1439;1246;1247;;;1439;68,994;0;5,8;;;;
1440;1247;944;;;1440;68,994;0;6,59;;;;
1441;832;898;;;1441;68,994;0;7,38;;;;
1442;979;832;;;1442;68,994;0;8,17;;;;
1443;833;979;;;1443;68,994;0;8,96;;;;
1444;834;844;;;1444;68,994;0;9,75;;;;
1445;980;834;;;1445;68,994;0;10,54;;;;
1446;835;980;;;1446;68,994;0;12,4;;;;
1447;685;846;;;1447;65,161;0;1,86;;;;
1448;678;836;;;1448;65,161;0;0;;;;
1449;836;684;;;1449;65,161;0;2,64;;;;
1450;837;845;;;1450;65,161;0;3,43;;;;
1451;838;841;;;1451;65,161;0;4,22;;;;
1452;839;981;;;1452;65,161;0;5,01;;;;
1453;981;891;;;1453;65,161;0;5,8;;;;
1454;840;893;;;1454;65,161;0;6,59;;;;
1455;840;982;;;1455;65,161;0;7,38;;;;
1456;982;983;;;1456;65,161;0;8,17;;;;
1457;983;984;;;1457;65,161;0;8,96;;;;
1458;984;979;;;1458;65,161;0;9,75;;;;
1459;985;842;;;1459;65,161;0;10,54;;;;
1460;845;985;;;1460;65,161;0;12,4;;;;
1461;980;843;;;1461;61,328;0;1,86;;;;
1462;985;980;;;1462;61,328;0;0;;;;
1463;846;985;;;1463;61,328;0;2,64;;;;
1464;845;841;;;1464;61,328;0;3,43;;;;
1465;986;851;;;1465;61,328;0;4,22;;;;
1466;852;986;;;1466;61,328;0;5,01;;;;
1467;987;852;;;1467;61,328;0;5,8;;;;
1468;853;987;;;1468;61,328;0;6,59;;;;
1469;988;853;;;1469;61,328;0;7,38;;;;
1470;854;988;;;1470;61,328;0;8,17;;;;
1471;989;854;;;1471;61,328;0;8,96;;;;
1472;855;989;;;1472;61,328;0;9,75;;;;
1473;990;855;;;1473;61,328;0;10,54;;;;
1474;856;990;;;1474;61,328;0;12,4;;;;
1475;991;856;;;1475;57,495;0;1,86;;;;
1476;857;991;;;1476;57,495;0;0;;;;
1477;992;857;;;1477;57,495;0;2,64;;;;
1478;858;992;;;1478;57,495;0;3,43;;;;
1479;993;858;;;1479;57,495;0;4,22;;;;
1480;859;993;;;1480;57,495;0;5,01;;;;
1481;994;859;;;1481;57,495;0;5,8;;;;
1482;860;994;;;1482;57,495;0;6,59;;;;
1483;916;860;;;1483;57,495;0;7,38;;;;
1484;861;916;;;1484;57,495;0;8,17;;;;
1485;987;744;;;1485;57,495;0;8,96;;;;
1486;863;987;;;1486;57,495;0;9,75;;;;
1487;988;863;;;1487;57,495;0;10,54;;;;
1488;865;988;;;1488;57,495;0;12,4;;;;
1489;989;865;;;1489;53,662;0;1,86;;;;
1490;867;989;;;1490;53,662;0;0;;;;
1491;990;867;;;1491;53,662;0;2,64;;;;
1492;869;990;;;1492;53,662;0;3,43;;;;
1493;991;869;;;1493;53,662;0;4,22;;;;
1494;871;991;;;1494;53,662;0;5,01;;;;
1495;992;871;;;1495;53,662;0;5,8;;;;
1496;873;992;;;1496;53,662;0;6,59;;;;
1497;993;873;;;1497;53,662;0;7,38;;;;
1498;875;993;;;1498;53,662;0;8,17;;;;
1499;994;875;;;1499;53,662;0;8,96;;;;
1500;877;994;;;1500;53,662;0;9,75;;;;
1501;916;877;;;1501;53,662;0;10,54;;;;
1502;995;862;;;1502;53,662;0;12,4;;;;
1503;864;995;;;1503;49,829;0;1,86;;;;
1504;879;864;;;1504;49,829;0;0;;;;
1505;866;879;;;1505;49,829;0;2,64;;;;
1506;880;866;;;1506;49,829;0;3,43;;;;
1507;868;880;;;1507;49,829;0;4,22;;;;
1508;881;868;;;1508;49,829;0;5,01;;;;
1509;870;881;;;1509;49,829;0;5,8;;;;
1510;882;870;;;1510;49,829;0;6,59;;;;
1511;872;882;;;1511;49,829;0;7,38;;;;
1512;883;872;;;1512;49,829;0;8,17;;;;
1513;874;883;;;1513;49,829;0;8,96;;;;
1514;884;874;;;1514;49,829;0;9,75;;;;
1515;876;884;;;1515;49,829;0;10,54;;;;
1516;746;995;;;1516;49,829;0;12,4;;;;
1517;946;885;;;1517;45,996;0;1,86;;;;
1518;886;946;;;1518;45,996;0;0;;;;
1519;996;886;;;1519;45,996;0;2,64;;;;
1520;887;996;;;1520;45,996;0;3,43;;;;
1521;917;887;;;1521;45,996;0;4,22;;;;
1522;888;917;;;1522;45,996;0;5,01;;;;
1523;892;903;;;1523;45,996;0;5,8;;;;
1524;981;893;;;1524;45,996;0;6,59;;;;
1525;982;894;;;1525;45,996;0;7,38;;;;
1526;983;895;;;1526;45,996;0;8,17;;;;
1527;984;896;;;1527;45,996;0;8,96;;;;
1528;979;897;;;1528;45,996;0;9,75;;;;
1529;903;772;;;1529;45,996;0;10,54;;;;
1530;839;1248;;;1530;45,996;0;12,4;;;;
1531;1248;1249;;;1531;42,163;0;1,86;;;;
1532;1249;1250;;;1532;42,163;0;0;;;;
1533;1250;1251;;;1533;42,163;0;2,64;;;;
1534;1251;1252;;;1534;42,163;0;3,43;;;;
1535;1252;1253;;;1535;42,163;0;4,22;;;;
1536;1253;900;;;1536;42,163;0;5,01;;;;
1537;945;1254;;;1537;42,163;0;5,8;;;;
1538;1254;1255;;;1538;42,163;0;6,59;;;;
1539;1255;1256;;;1539;42,163;0;7,38;;;;
1540;1256;901;;;1540;42,163;0;8,17;;;;
1541;918;996;;;1541;42,163;0;8,96;;;;
1542;917;918;;;1542;42,163;0;9,75;;;;
1543;919;997;;;1543;42,163;0;10,54;;;;
1544;918;919;;;1544;42,163;0;12,4;;;;
1545;998;922;;;1545;38,33;0;1,86;;;;
1546;924;998;;;1546;38,33;0;0;;;;
1547;999;924;;;1547;38,33;0;2,64;;;;
1548;926;999;;;1548;38,33;0;3,43;;;;
1549;1000;926;;;1549;38,33;0;4,22;;;;
1550;928;1000;;;1550;38,33;0;5,01;;;;
1551;1001;928;;;1551;38,33;0;5,8;;;;
1552;930;1001;;;1552;38,33;0;6,59;;;;
1553;1002;930;;;1553;38,33;0;7,38;;;;
1554;932;1002;;;1554;38,33;0;8,17;;;;
1555;1003;932;;;1555;38,33;0;8,96;;;;
1556;934;1003;;;1556;38,33;0;9,75;;;;
1557;1004;934;;;1557;38,33;0;10,54;;;;
1558;936;1004;;;1558;38,33;0;12,4;;;;
1559;1005;936;;;1559;34,497;0;1,86;;;;
1560;938;1005;;;1560;34,497;0;0;;;;
1561;1006;938;;;1561;34,497;0;2,64;;;;
1562;940;1006;;;1562;34,497;0;3,43;;;;
1563;1007;940;;;1563;34,497;0;4,22;;;;
1564;942;1007;;;1564;34,497;0;5,01;;;;
1565;811;942;;;1565;34,497;0;5,8;;;;
1566;997;946;;;1566;34,497;0;6,59;;;;
1567;996;997;;;1567;34,497;0;7,38;;;;
1568;951;809;;;1568;34,497;0;8,17;;;;
1569;949;1257;;;1569;34,497;0;8,96;;;;
1570;1257;1258;;;1570;34,497;0;9,75;;;;
1571;1258;1259;;;1571;34,497;0;10,54;;;;
1572;1259;900;;;1572;34,497;0;12,4;;;;
1573;949;1260;;;1573;30,664;0;1,86;;;;
1574;1260;1261;;;1574;30,664;0;0;;;;
1575;1261;1262;;;1575;30,664;0;2,64;;;;
1576;1262;1263;;;1576;30,664;0;3,43;;;;
1577;1263;1264;;;1577;30,664;0;4,22;;;;
1578;1264;839;;;1578;30,664;0;5,01;;;;
1579;812;1007;;;1579;30,664;0;5,8;;;;
1580;813;1008;;;1580;30,664;0;6,59;;;;
1581;814;1009;;;1581;30,664;0;7,38;;;;
1582;815;1010;;;1582;30,664;0;8,17;;;;
1583;817;976;;;1583;30,664;0;8,96;;;;
1584;818;1011;;;1584;30,664;0;9,75;;;;
1585;820;966;;;1585;30,664;0;10,54;;;;
1586;962;964;;;1586;30,664;0;12,4;;;;
1587;966;962;;;1587;26,831;0;1,86;;;;
1588;1012;963;;;1588;26,831;0;0;;;;
1589;965;1012;;;1589;26,831;0;2,64;;;;
1590;1013;965;;;1590;26,831;0;3,43;;;;
1591;967;1013;;;1591;26,831;0;4,22;;;;
1592;1011;967;;;1592;26,831;0;5,01;;;;
1593;1014;824;;;1593;26,831;0;5,8;;;;
1594;969;1014;;;1594;26,831;0;6,59;;;;
1595;1015;969;;;1595;26,831;0;7,38;;;;
1596;971;1015;;;1596;26,831;0;8,17;;;;
1597;1016;971;;;1597;26,831;0;8,96;;;;
1598;973;1016;;;1598;26,831;0;9,75;;;;
1599;1017;973;;;1599;26,831;0;10,54;;;;
1600;975;1017;;;1600;26,831;0;12,4;;;;
1601;1018;975;;;1601;22,998;0;1,86;;;;
1602;977;1018;;;1602;22,998;0;0;;;;
1603;1010;977;;;1603;22,998;0;2,64;;;;
1604;1019;968;;;1604;22,998;0;3,43;;;;
1605;970;1019;;;1605;22,998;0;4,22;;;;
1606;1012;970;;;1606;22,998;0;5,01;;;;
1607;972;1012;;;1607;22,998;0;5,8;;;;
1608;1013;972;;;1608;22,998;0;6,59;;;;
1609;974;1013;;;1609;22,998;0;7,38;;;;
1610;1011;974;;;1610;22,998;0;8,17;;;;
1611;976;1011;;;1611;22,998;0;8,96;;;;
1612;1020;978;;;1612;22,998;0;9,75;;;;
1613;1021;1020;;;1613;22,998;0;10,54;;;;
1614;1022;1021;;;1614;22,998;0;12,4;;;;
1615;1023;1022;;;1615;19,165;0;1,86;;;;
1616;1024;1023;;;1616;19,165;0;0;;;;
1617;1025;1024;;;1617;19,165;0;2,64;;;;
1618;1026;1025;;;1618;19,165;0;3,43;;;;
1619;1027;1026;;;1619;19,165;0;4,22;;;;
1620;1028;1027;;;1620;19,165;0;5,01;;;;
1621;1029;1028;;;1621;19,165;0;5,8;;;;
1622;1030;1029;;;1622;19,165;0;6,59;;;;
1623;1031;1030;;;1623;19,165;0;7,38;;;;
1624;1032;1031;;;1624;19,165;0;8,17;;;;
1625;1033;1032;;;1625;19,165;0;8,96;;;;
1626;1009;1033;;;1626;19,165;0;9,75;;;;
1627;1008;1009;;;1627;19,165;0;10,54;;;;
1628;844;984;;;1628;19,165;0;12,4;;;;
1629;842;982;;;1629;15,332;0;1,86;;;;
1630;843;983;;;1630;15,332;0;0;;;;
1631;744;986;;;1631;15,332;0;2,64;;;;
1632;978;998;;;1632;15,332;0;3,43;;;;
1633;999;978;;;1633;15,332;0;4,22;;;;
1634;1021;999;;;1634;15,332;0;5,01;;;;
1635;1000;1021;;;1635;15,332;0;5,8;;;;
1636;1023;1000;;;1636;15,332;0;6,59;;;;
1637;1001;1023;;;1637;15,332;0;7,38;;;;
1638;1025;1001;;;1638;15,332;0;8,17;;;;
1639;1002;1025;;;1639;15,332;0;8,96;;;;
1640;1027;1002;;;1640;15,332;0;9,75;;;;
1641;1003;1027;;;1641;15,332;0;10,54;;;;
1642;1029;1003;;;1642;15,332;0;12,4;;;;
1643;1004;1029;;;1643;11,499;0;1,86;;;;
1644;1031;1004;;;1644;11,499;0;0;;;;
1645;1005;1031;;;1645;11,499;0;2,64;;;;
1646;1033;1005;;;1646;11,499;0;3,43;;;;
1647;1006;1033;;;1647;11,499;0;4,22;;;;
1648;1008;1006;;;1648;11,499;0;5,01;;;;
1649;1007;1008;;;1649;11,499;0;5,8;;;;
1650;1010;1032;;;1650;11,499;0;6,59;;;;
1651;1009;1010;;;1651;11,499;0;7,38;;;;
1652;963;1019;;;1652;11,499;0;8,17;;;;
1653;824;1034;;;1653;11,499;0;8,96;;;;
1654;1014;1022;;;1654;11,499;0;9,75;;;;
1655;1024;1014;;;1655;11,499;0;10,54;;;;
1656;1015;1024;;;1656;11,499;0;12,4;;;;
1657;1026;1015;;;1657;7,666;0;1,86;;;;
1658;1016;1026;;;1658;7,666;0;0;;;;
1659;1028;1016;;;1659;7,666;0;2,64;;;;
1660;1017;1028;;;1660;7,666;0;3,43;;;;
1661;1030;1017;;;1661;7,666;0;4,22;;;;
1662;1018;1030;;;1662;7,666;0;5,01;;;;
1663;1032;1018;;;1663;7,666;0;5,8;;;;
1664;1034;1020;;;1664;7,666;0;6,59;;;;
1665;1022;1034;;;1665;7,666;0;7,38;;;;
1666;1265;1266;1267;1268;1666;7,666;0;8,17;;;;
1667;1266;1269;1270;1267;1667;7,666;0;8,96;;;;
1668;1269;1271;1272;1270;1668;7,666;0;9,75;;;;
1669;1271;1273;1274;1272;1669;7,666;0;10,54;;;;
1670;1273;1275;1276;1274;1670;7,666;0;12,4;;;;
1671;1275;1277;1278;1276;1671;3,833;0;1,86;;;;
1672;1277;1279;1280;1278;1672;3,833;0;0;;;;
1673;1279;1281;1282;1280;1673;3,833;0;2,64;;;;
1674;1281;1283;1284;1282;1674;3,833;0;3,43;;;;
1675;1283;1285;1286;1284;1675;3,833;0;4,22;;;;
1676;1285;1287;1288;1286;1676;3,833;0;5,01;;;;
1677;1287;1289;1290;1288;1677;3,833;0;5,8;;;;
1678;1289;1291;1292;1290;1678;3,833;0;6,59;;;;
1679;1268;1267;1293;1294;1679;3,833;0;7,38;;;;
1680;1267;1270;1295;1293;1680;3,833;0;8,17;;;;
1681;1270;1272;1296;1295;1681;3,833;0;8,96;;;;
1682;1272;1274;1297;1296;1682;3,833;0;9,75;;;;
1683;1274;1276;1298;1297;1683;3,833;0;10,54;;;;
1684;1276;1278;1299;1298;1684;3,833;0;12,4;;;;
1685;1278;1280;1300;1299;1685;1,333;0;1,86;;;;
1686;1280;1282;1301;1300;1686;1,333;0;0;;;;
1687;1282;1284;1302;1301;1687;1,333;0;2,64;;;;
1688;1284;1286;1303;1302;1688;1,333;0;3,43;;;;
1689;1286;1288;1304;1303;1689;1,333;0;4,22;;;;
1690;1288;1290;1305;1304;1690;1,333;0;5,01;;;;
1691;1290;1292;1306;1305;1691;1,333;0;5,8;;;;
1692;1294;1293;1307;1308;1692;1,333;0;6,59;;;;
1693;1293;1295;1309;1307;1693;1,333;0;7,38;;;;
1694;1295;1296;1310;1309;1694;1,333;0;8,17;;;;
1695;1296;1297;1311;1310;1695;1,333;0;8,96;;;;
1696;1297;1298;1312;1311;1696;1,333;0;9,75;;;;
1697;1298;1299;1313;1312;1697;1,333;0;10,54;;;;
1698;1299;1300;1314;1313;1698;1,333;0;12,4;;;;
1699;1300;1301;1315;1314;1699;0;0;1,86;;;;
1700;1301;1302;1316;1315;1700;0;0;0;;;;
1701;1302;1303;1317;1316;1701;0;0;2,64;;;;
1702;1303;1304;1318;1317;1702;0;0;3,43;;;;
1703;1304;1305;1319;1318;1703;0;0;4,22;;;;
1704;1305;1306;1320;1319;1704;0;0;5,01;;;;
1705;1308;1307;1321;1322;1705;0;0;5,8;;;;
1706;1307;1309;1323;1321;1706;0;0;6,59;;;;
1707;1309;1310;1324;1323;1707;0;0;7,38;;;;
1708;1310;1311;1325;1324;1708;0;0;8,17;;;;
1709;1311;1312;1326;1325;1709;0;0;8,96;;;;
1710;1312;1313;1327;1326;1710;0;0;9,75;;;;
1711;1313;1314;1328;1327;1711;115;0;10,54;;;;
1712;1314;1315;1329;1328;1712;115;0;12,4;;;;
1713;1315;1316;1330;1329;1713;0;0;10,54;;;;
1714;1316;1317;1331;1330;1714;115;0;9,75;;;;
1715;1317;1318;1332;1331;1715;115;0;8,96;;;;
1716;1318;1319;1333;1332;1716;115;0;8,17;;;;
1717;1319;1320;1334;1333;1717;115;0;7,38;;;;
1718;1322;1321;1335;1336;1718;115;0;6,59;;;;
1719;1321;1323;1337;1335;1719;115;0;5,8;;;;
1720;1323;1324;1338;1337;1720;115;0;5,01;;;;
1721;1324;1325;1339;1338;1721;115;0;4,22;;;;
1722;1325;1326;1340;1339;1722;115;0;3,43;;;;
1723;1326;1327;1341;1340;1723;115;0;2,64;;;;
1724;1327;1328;1342;1341;1724;115;0;1,86;;;;
1725;1328;1329;1343;1342;1725;115;0;0;;;;
1726;1329;1330;1344;1343;1726;0;0;12,4;;;;
1727;1330;1331;1345;1344;1727;115;1,42E-05;9,6672;;;;
1728;1331;1332;1346;1345;1728;57,5;1,42E-05;8,1915;;;;
1729;1332;1333;1347;1346;1729;0;1,42E-05;9,6672;;;;
1730;1333;1334;1348;1347;1730;115;1,42E-05;8,2353;;;;
1731;1336;1335;1349;1350;1731;57,5;1,42E-05;6,7614;;;;
1732;1335;1337;1351;1349;1732;0;1,42E-05;8,2353;;;;
1733;1337;1338;1352;1351;1733;57,5;1,43E-05;4,1915;;;;
1734;1338;1339;1353;1352;1734;0;1,43E-05;5,6619;;;;
1735;1339;1340;1354;1353;1735;115;1,43E-05;5,6619;;;;
1736;1340;1341;1355;1354;1736;57,5;1,43E-05;2,7614;;;;
1737;1341;1342;1356;1355;1737;0;1,43E-05;4,23;;;;
1738;1342;1343;1357;1356;1738;115;1,43E-05;4,23;;;;
1739;1343;1344;1358;1357;1739;111,98;1,42E-05;9,5159;;;;
1740;1344;1345;1359;1358;1740;108,95;1,42E-05;9,3729;;;;
1741;1345;1346;1360;1359;1741;105,93;1,42E-05;9,238;;;;
1742;1346;1347;1361;1360;1742;102,9;1,42E-05;9,1113;;;;
1743;1347;1348;1362;1361;1743;99,877;1,42E-05;8,9927;;;;
1744;1350;1349;1363;1364;1744;96,851;1,42E-05;8,8824;;;;
1745;1349;1351;1365;1363;1745;93,825;1,42E-05;8,7802;;;;
1746;1351;1352;1366;1365;1746;90,799;1,42E-05;8,6861;;;;
1747;1352;1353;1367;1366;1747;87,773;1,42E-05;8,6003;;;;
1748;1353;1354;1368;1367;1748;84,746;1,42E-05;8,5226;;;;
1749;1354;1355;1369;1368;1749;81,719;1,42E-05;8,4532;;;;
1750;1355;1356;1370;1369;1750;78,692;1,42E-05;8,3918;;;;
1751;1356;1357;1371;1370;1751;75,665;1,42E-05;8,3387;;;;
1752;1357;1358;1372;1371;1752;72,638;1,42E-05;8,2936;;;;
1753;1358;1359;1373;1372;1753;69,61;1,42E-05;8,2569;;;;
1754;1359;1360;1374;1373;1754;66,583;1,42E-05;8,2282;;;;
1755;1360;1361;1375;1374;1755;63,555;1,42E-05;8,2078;;;;
1756;1361;1362;1376;1375;1756;60,528;1,42E-05;8,1955;;;;
1757;1364;1363;1377;1378;1757;54,472;1,42E-05;8,1955;;;;
1758;1363;1365;1379;1377;1758;51,445;1,42E-05;8,2078;;;;
1759;1365;1366;1380;1379;1759;48,417;1,42E-05;8,2282;;;;
1760;1366;1367;1381;1380;1760;45,39;1,42E-05;8,2569;;;;
1761;1367;1368;1382;1381;1761;42,362;1,42E-05;8,2936;;;;
1762;1368;1369;1383;1382;1762;39,335;1,42E-05;8,3387;;;;
1763;1369;1370;1384;1383;1763;36,308;1,42E-05;8,3918;;;;
1764;1370;1371;1385;1384;1764;33,281;1,42E-05;8,4532;;;;
1765;1371;1372;1386;1385;1765;30,254;1,42E-05;8,5226;;;;
1766;1372;1373;1387;1386;1766;27,227;1,42E-05;8,6003;;;;
1767;1373;1374;1388;1387;1767;24,201;1,42E-05;8,6861;;;;
1768;1374;1375;1389;1388;1768;21,175;1,42E-05;8,7802;;;;
1769;1375;1376;1390;1389;1769;18,149;1,42E-05;8,8824;;;;
1770;1378;1377;1391;1392;1770;15,123;1,42E-05;8,9927;;;;
1771;1377;1379;1393;1391;1771;12,098;1,42E-05;9,1113;;;;
1772;1379;1380;1394;1393;1772;9,0728;1,42E-05;9,238;;;;
1773;1380;1381;1395;1394;1773;6,0481;1,42E-05;9,3729;;;;
1774;1381;1382;1396;1395;1774;3,0239;1,42E-05;9,5159;;;;
1775;1382;1383;1397;1396;1775;111,98;1,42E-05;8,0842;;;;
1776;1383;1384;1398;1397;1776;108,95;1,42E-05;7,9413;;;;
1777;1384;1385;1399;1398;1777;105,93;1,42E-05;7,8067;;;;
1778;1385;1386;1400;1399;1778;102,9;1,42E-05;7,6801;;;;
1779;1386;1387;1401;1400;1779;99,877;1,42E-05;7,5617;;;;
1780;1387;1388;1402;1401;1780;96,851;1,42E-05;7,4515;;;;
1781;1388;1389;1403;1402;1781;93,825;1,42E-05;7,3494;;;;
1782;1389;1390;1404;1403;1782;90,799;1,42E-05;7,2556;;;;
1783;1392;1391;1405;1406;1783;87,773;1,42E-05;7,1697;;;;
1784;1391;1393;1407;1405;1784;84,746;1,42E-05;7,0922;;;;
1785;1393;1394;1408;1407;1785;81,719;1,42E-05;7,0228;;;;
1786;1394;1395;1409;1408;1786;78,692;1,42E-05;6,9615;;;;
1787;1395;1396;1410;1409;1787;75,665;1,42E-05;6,9085;;;;
1788;1396;1397;1411;1410;1788;72,638;1,42E-05;6,8636;;;;
1789;1397;1398;1412;1411;1789;69,61;1,42E-05;6,8268;;;;
1790;1398;1399;1413;1412;1790;66,583;1,42E-05;6,7982;;;;
1791;1399;1400;1414;1413;1791;63,555;1,42E-05;6,7778;;;;
1792;1400;1401;1415;1414;1792;60,528;1,42E-05;6,7656;;;;
1793;1401;1402;1416;1415;1793;54,472;1,42E-05;6,7656;;;;
1794;1402;1403;1417;1416;1794;51,445;1,42E-05;6,7778;;;;
1795;1403;1404;1418;1417;1795;48,417;1,42E-05;6,7982;;;;
1796;1406;1405;1419;1420;1796;45,39;1,42E-05;6,8268;;;;
1797;1405;1407;1421;1419;1797;42,362;1,42E-05;6,8636;;;;
1798;1407;1408;1422;1421;1798;39,335;1,42E-05;6,9085;;;;
1799;1408;1409;1423;1422;1799;36,308;1,42E-05;6,9615;;;;
1800;1409;1410;1424;1423;1800;33,281;1,42E-05;7,0228;;;;
1801;1410;1411;1425;1424;1801;30,254;1,42E-05;7,0922;;;;
1802;1411;1412;1426;1425;1802;27,227;1,42E-05;7,1697;;;;
1803;1412;1413;1427;1426;1803;24,201;1,42E-05;7,2556;;;;
1804;1413;1414;1428;1427;1804;21,175;1,42E-05;7,3494;;;;
1805;1414;1415;1429;1428;1805;18,149;1,42E-05;7,4515;;;;
1806;1415;1416;1430;1429;1806;15,123;1,42E-05;7,5617;;;;
1807;1416;1417;1431;1430;1807;12,098;1,42E-05;7,6801;;;;
1808;1417;1418;1432;1431;1808;9,0728;1,42E-05;7,8067;;;;
1809;1420;1419;1433;1434;1809;6,0481;1,42E-05;7,9413;;;;
1810;1419;1421;1435;1433;1810;3,0239;1,42E-05;8,0842;;;;
1811;1421;1422;1436;1435;1811;54,472;1,43E-05;4,1955;;;;
1812;1422;1423;1437;1436;1812;51,445;1,43E-05;4,2077;;;;
1813;1423;1424;1438;1437;1813;48,417;1,43E-05;4,2281;;;;
1814;1424;1425;1439;1438;1814;45,39;1,43E-05;4,2567;;;;
1815;1425;1426;1440;1439;1815;42,362;1,43E-05;4,2933;;;;
1816;1426;1427;1441;1440;1816;39,335;1,43E-05;4,3381;;;;
1817;1427;1428;1442;1441;1817;36,308;1,43E-05;4,391;;;;
1818;1428;1429;1443;1442;1818;33,281;1,43E-05;4,4522;;;;
1819;1429;1430;1444;1443;1819;30,254;1,43E-05;4,5214;;;;
1820;1430;1431;1445;1444;1820;27,227;1,43E-05;4,5988;;;;
1821;1431;1432;1446;1445;1821;24,201;1,43E-05;4,6844;;;;
1822;1434;1433;1447;1448;1822;21,175;1,43E-05;4,7781;;;;
1823;1433;1435;1449;1447;1823;18,149;1,43E-05;4,8799;;;;
1824;1435;1436;1450;1449;1824;15,123;1,43E-05;4,9899;;;;
1825;1436;1437;1451;1450;1825;12,098;1,43E-05;5,108;;;;
1826;1437;1438;1452;1451;1826;9,0728;1,43E-05;5,2343;;;;
1827;1438;1439;1453;1452;1827;6,0482;1,43E-05;5,3687;;;;
1828;1439;1440;1454;1453;1828;3,0239;1,43E-05;5,5112;;;;
1829;1440;1441;1455;1454;1829;111,98;1,43E-05;5,5112;;;;
1830;1441;1442;1456;1455;1830;108,95;1,43E-05;5,3687;;;;
1831;1442;1443;1457;1456;1831;105,93;1,43E-05;5,2343;;;;
1832;1443;1444;1458;1457;1832;102,9;1,43E-05;5,108;;;;
1833;1444;1445;1459;1458;1833;99,877;1,43E-05;4,9899;;;;
1834;1445;1446;1460;1459;1834;96,851;1,43E-05;4,8799;;;;
1835;1448;1447;1461;1462;1835;93,825;1,43E-05;4,7781;;;;
1836;1447;1449;1463;1461;1836;90,799;1,43E-05;4,6844;;;;
1837;1449;1450;1464;1463;1837;87,773;1,43E-05;4,5988;;;;
1838;1450;1451;1465;1464;1838;84,746;1,43E-05;4,5214;;;;
1839;1451;1452;1466;1465;1839;81,719;1,43E-05;4,4522;;;;
1840;1452;1453;1467;1466;1840;78,692;1,43E-05;4,391;;;;
1841;1453;1454;1468;1467;1841;75,665;1,43E-05;4,3381;;;;
1842;1454;1455;1469;1468;1842;72,638;1,43E-05;4,2933;;;;
1843;1455;1456;1470;1469;1843;69,61;1,43E-05;4,2567;;;;
1844;1456;1457;1471;1470;1844;66,583;1,43E-05;4,2281;;;;
1845;1457;1458;1472;1471;1845;63,555;1,43E-05;4,2077;;;;
1846;1458;1459;1473;1472;1846;60,528;1,43E-05;4,1955;;;;
1847;1459;1460;1474;1473;1847;54,472;1,43E-05;2,7656;;;;
1848;1462;1461;1475;1476;1848;51,445;1,43E-05;2,7778;;;;
1849;1461;1463;1477;1475;1849;48,417;1,43E-05;2,798;;;;
1850;1463;1464;1478;1477;1850;45,39;1,43E-05;2,8266;;;;
1851;1464;1465;1479;1478;1851;42,362;1,43E-05;2,8632;;;;
1852;1465;1466;1480;1479;1852;39,335;1,43E-05;2,9079;;;;
1853;1466;1467;1481;1480;1853;36,308;1,43E-05;2,9609;;;;
1854;1467;1468;1482;1481;1854;33,281;1,43E-05;3,0219;;;;
1855;1468;1469;1483;1482;1855;30,254;1,43E-05;3,091;;;;
1856;1469;1470;1484;1483;1856;27,227;1,43E-05;3,1683;;;;
1857;1470;1471;1485;1484;1857;24,201;1,43E-05;3,2537;;;;
1858;1471;1472;1486;1485;1858;21,175;1,43E-05;3,3473;;;;
1859;1472;1473;1487;1486;1859;18,149;1,43E-05;3,449;;;;
1860;1473;1474;1488;1487;1860;15,123;1,43E-05;3,5589;;;;
1861;1476;1475;1489;1490;1861;12,098;1,43E-05;3,6768;;;;
1862;1475;1477;1491;1489;1862;9,0728;1,43E-05;3,8029;;;;
1863;1477;1478;1492;1491;1863;6,0482;1,43E-05;3,9372;;;;
1864;1478;1479;1493;1492;1864;3,0239;1,43E-05;4,0795;;;;
1865;1479;1480;1494;1493;1865;111,98;1,43E-05;4,0795;;;;
1866;1480;1481;1495;1494;1866;108,95;1,43E-05;3,9372;;;;
1867;1481;1482;1496;1495;1867;105,93;1,43E-05;3,8029;;;;
1868;1482;1483;1497;1496;1868;102,9;1,43E-05;3,6768;;;;
1869;1483;1484;1498;1497;1869;99,877;1,43E-05;3,5589;;;;
1870;1484;1485;1499;1498;1870;96,851;1,43E-05;3,449;;;;
1871;1485;1486;1500;1499;1871;93,825;1,43E-05;3,3473;;;;
1872;1486;1487;1501;1500;1872;90,799;1,43E-05;3,2537;;;;
1873;1487;1488;1502;1501;1873;87,773;1,43E-05;3,1683;;;;
1874;1490;1489;1503;1504;1874;84,746;1,43E-05;3,091;;;;
1875;1489;1491;1505;1503;1875;81,719;1,43E-05;3,0219;;;;
1876;1491;1492;1506;1505;1876;78,692;1,43E-05;2,9609;;;;
1877;1492;1493;1507;1506;1877;75,665;1,43E-05;2,9079;;;;
1878;1493;1494;1508;1507;1878;72,638;1,43E-05;2,8632;;;;
1879;1494;1495;1509;1508;1879;69,61;1,43E-05;2,8266;;;;
1880;1495;1496;1510;1509;1880;66,583;1,43E-05;2,798;;;;
1881;1496;1497;1511;1510;1881;63,555;1,43E-05;2,7778;;;;
1882;1497;1498;1512;1511;1882;60,528;1,43E-05;2,7656;;;;
1883;1498;1499;1513;1512;;;;;;;;
1884;1499;1500;1514;1513;;;;;;;;
1885;1500;1501;1515;1514;;;;;;;;
1886;1501;1502;1516;1515;;;;;;;;
1887;1504;1503;1517;1518;;;;;;;;
1888;1503;1505;1519;1517;;;;;;;;
1889;1505;1506;1520;1519;;;;;;;;
1890;1506;1507;1521;1520;;;;;;;;
1891;1507;1508;1522;1521;;;;;;;;
1892;1508;1509;1523;1522;;;;;;;;
1893;1509;1510;1524;1523;;;;;;;;
1894;1510;1511;1525;1524;;;;;;;;
1895;1511;1512;1526;1525;;;;;;;;
1896;1512;1513;1527;1526;;;;;;;;
1897;1513;1514;1528;1527;;;;;;;;
1898;1514;1515;1529;1528;;;;;;;;
1899;1515;1516;1530;1529;;;;;;;;
1900;1518;1517;1531;1532;;;;;;;;
1901;1517;1519;1533;1531;;;;;;;;
1902;1519;1520;1534;1533;;;;;;;;
1903;1520;1521;1535;1534;;;;;;;;
1904;1521;1522;1536;1535;;;;;;;;
1905;1522;1523;1537;1536;;;;;;;;
1906;1523;1524;1538;1537;;;;;;;;
1907;1524;1525;1539;1538;;;;;;;;
1908;1525;1526;1540;1539;;;;;;;;
1909;1526;1527;1541;1540;;;;;;;;
1910;1527;1528;1542;1541;;;;;;;;
1911;1528;1529;1543;1542;;;;;;;;
1912;1529;1530;1544;1543;;;;;;;;
1913;1532;1531;1545;1546;;;;;;;;
1914;1531;1533;1547;1545;;;;;;;;
1915;1533;1534;1548;1547;;;;;;;;
1916;1534;1535;1549;1548;;;;;;;;
1917;1535;1536;1550;1549;;;;;;;;
1918;1536;1537;1551;1550;;;;;;;;
1919;1537;1538;1552;1551;;;;;;;;
1920;1538;1539;1553;1552;;;;;;;;
1921;1539;1540;1554;1553;;;;;;;;
1922;1540;1541;1555;1554;;;;;;;;
1923;1541;1542;1556;1555;;;;;;;;
1924;1542;1543;1557;1556;;;;;;;;
1925;1543;1544;1558;1557;;;;;;;;
1926;1546;1545;1559;1560;;;;;;;;
1927;1545;1547;1561;1559;;;;;;;;
1928;1547;1548;1562;1561;;;;;;;;
1929;1548;1549;1563;1562;;;;;;;;
1930;1549;1550;1564;1563;;;;;;;;
1931;1550;1551;1565;1564;;;;;;;;
1932;1551;1552;1566;1565;;;;;;;;
1933;1552;1553;1567;1566;;;;;;;;
1934;1553;1554;1568;1567;;;;;;;;
1935;1554;1555;1569;1568;;;;;;;;
1936;1555;1556;1570;1569;;;;;;;;
1937;1556;1557;1571;1570;;;;;;;;
1938;1557;1558;1572;1571;;;;;;;;
1939;1560;1559;1573;1574;;;;;;;;
1940;1559;1561;1575;1573;;;;;;;;
1941;1561;1562;1576;1575;;;;;;;;
1942;1562;1563;1577;1576;;;;;;;;
1943;1563;1564;1578;1577;;;;;;;;
1944;1564;1565;1579;1578;;;;;;;;
1945;1565;1566;1580;1579;;;;;;;;
1946;1566;1567;1581;1580;;;;;;;;
1947;1567;1568;1582;1581;;;;;;;;
1948;1568;1569;1583;1582;;;;;;;;
1949;1569;1570;1584;1583;;;;;;;;
1950;1570;1571;1585;1584;;;;;;;;
1951;1571;1572;1586;1585;;;;;;;;
1952;1574;1573;1587;1588;;;;;;;;
1953;1573;1575;1589;1587;;;;;;;;
1954;1575;1576;1590;1589;;;;;;;;
1955;1576;1577;1591;1590;;;;;;;;
1956;1577;1578;1592;1591;;;;;;;;
1957;1578;1579;1593;1592;;;;;;;;
1958;1579;1580;1594;1593;;;;;;;;
1959;1580;1581;1595;1594;;;;;;;;
1960;1581;1582;1596;1595;;;;;;;;
1961;1582;1583;1597;1596;;;;;;;;
1962;1583;1584;1598;1597;;;;;;;;
1963;1584;1585;1599;1598;;;;;;;;
1964;1585;1586;1600;1599;;;;;;;;
1965;1588;1587;1601;1602;;;;;;;;
1966;1587;1589;1603;1601;;;;;;;;
1967;1589;1590;1604;1603;;;;;;;;
1968;1590;1591;1605;1604;;;;;;;;
1969;1591;1592;1606;1605;;;;;;;;
1970;1592;1593;1607;1606;;;;;;;;
1971;1593;1594;1608;1607;;;;;;;;
1972;1594;1595;1609;1608;;;;;;;;
1973;1595;1596;1610;1609;;;;;;;;
1974;1596;1597;1611;1610;;;;;;;;
1975;1597;1598;1612;1611;;;;;;;;
1976;1598;1599;1613;1612;;;;;;;;
1977;1599;1600;1614;1613;;;;;;;;
1978;1602;1601;1615;1616;;;;;;;;
1979;1601;1603;1617;1615;;;;;;;;
1980;1603;1604;1618;1617;;;;;;;;
1981;1604;1605;1619;1618;;;;;;;;
1982;1605;1606;1620;1619;;;;;;;;
1983;1606;1607;1621;1620;;;;;;;;
1984;1607;1608;1622;1621;;;;;;;;
1985;1608;1609;1623;1622;;;;;;;;
1986;1609;1610;1624;1623;;;;;;;;
1987;1610;1611;1625;1624;;;;;;;;
1988;1611;1612;1626;1625;;;;;;;;
1989;1612;1613;1627;1626;;;;;;;;
1990;1613;1614;1628;1627;;;;;;;;
1991;1616;1615;1629;1630;;;;;;;;
1992;1615;1617;1631;1629;;;;;;;;
1993;1617;1618;1632;1631;;;;;;;;
1994;1618;1619;1633;1632;;;;;;;;
1995;1619;1620;1634;1633;;;;;;;;
1996;1620;1621;1635;1634;;;;;;;;
1997;1621;1622;1636;1635;;;;;;;;
1998;1622;1623;1637;1636;;;;;;;;
1999;1623;1624;1638;1637;;;;;;;;
2000;1624;1625;1639;1638;;;;;;;;
2001;1625;1626;1640;1639;;;;;;;;
2002;1626;1627;1641;1640;;;;;;;;
2003;1627;1628;1642;1641;;;;;;;;
2004;1630;1629;1643;1644;;;;;;;;
2005;1629;1631;1645;1643;;;;;;;;
2006;1631;1632;1646;1645;;;;;;;;
2007;1632;1633;1647;1646;;;;;;;;
2008;1633;1634;1648;1647;;;;;;;;
2009;1634;1635;1649;1648;;;;;;;;
2010;1635;1636;1650;1649;;;;;;;;
2011;1636;1637;1651;1650;;;;;;;;
2012;1637;1638;1652;1651;;;;;;;;
2013;1638;1639;1653;1652;;;;;;;;
2014;1639;1640;1654;1653;;;;;;;;
2015;1640;1641;1655;1654;;;;;;;;
2016;1641;1642;1656;1655;;;;;;;;
2017;1644;1643;1657;1658;;;;;;;;
2018;1643;1645;1659;1657;;;;;;;;
2019;1645;1646;1660;1659;;;;;;;;
2020;1646;1647;1661;1660;;;;;;;;
2021;1647;1648;1662;1661;;;;;;;;
2022;1648;1649;1663;1662;;;;;;;;
2023;1649;1650;1664;1663;;;;;;;;
2024;1650;1651;1665;1664;;;;;;;;
2025;1651;1652;1666;1665;;;;;;;;
2026;1652;1653;1667;1666;;;;;;;;
2027;1653;1654;1668;1667;;;;;;;;
2028;1654;1655;1669;1668;;;;;;;;
2029;1655;1656;1670;1669;;;;;;;;
2030;1658;1657;1671;1672;;;;;;;;
2031;1657;1659;1673;1671;;;;;;;;
2032;1659;1660;1674;1673;;;;;;;;
2033;1660;1661;1675;1674;;;;;;;;
2034;1661;1662;1676;1675;;;;;;;;
2035;1662;1663;1677;1676;;;;;;;;
2036;1663;1664;1678;1677;;;;;;;;
2037;1664;1665;1679;1678;;;;;;;;
2038;1665;1666;1680;1679;;;;;;;;
2039;1666;1667;1681;1680;;;;;;;;
2040;1667;1668;1682;1681;;;;;;;;
2041;1668;1669;1683;1682;;;;;;;;
2042;1669;1670;1684;1683;;;;;;;;
2043;1672;1671;1685;1686;;;;;;;;
2044;1671;1673;1687;1685;;;;;;;;
2045;1673;1674;1688;1687;;;;;;;;
2046;1674;1675;1689;1688;;;;;;;;
2047;1675;1676;1690;1689;;;;;;;;
2048;1676;1677;1691;1690;;;;;;;;
2049;1677;1678;1692;1691;;;;;;;;
2050;1678;1679;1693;1692;;;;;;;;
2051;1679;1680;1694;1693;;;;;;;;
2052;1680;1681;1695;1694;;;;;;;;
2053;1681;1682;1696;1695;;;;;;;;
2054;1682;1683;1697;1696;;;;;;;;
2055;1683;1684;1698;1697;;;;;;;;
2056;1686;1685;1699;1700;;;;;;;;
2057;1685;1687;1701;1699;;;;;;;;
2058;1687;1688;1702;1701;;;;;;;;
2059;1688;1689;1703;1702;;;;;;;;
2060;1689;1690;1704;1703;;;;;;;;
2061;1690;1691;1705;1704;;;;;;;;
2062;1691;1692;1706;1705;;;;;;;;
2063;1692;1693;1707;1706;;;;;;;;
2064;1693;1694;1708;1707;;;;;;;;
2065;1694;1695;1709;1708;;;;;;;;
2066;1695;1696;1710;1709;;;;;;;;
2067;1291;1289;1711;1712;;;;;;;;
2068;1696;1697;1713;1710;;;;;;;;
2069;1289;1287;1714;1711;;;;;;;;
2070;1287;1285;1715;1714;;;;;;;;
2071;1285;1283;1716;1715;;;;;;;;
2072;1283;1281;1717;1716;;;;;;;;
2073;1281;1279;1718;1717;;;;;;;;
2074;1279;1277;1719;1718;;;;;;;;
2075;1277;1275;1720;1719;;;;;;;;
2076;1275;1273;1721;1720;;;;;;;;
2077;1273;1271;1722;1721;;;;;;;;
2078;1271;1269;1723;1722;;;;;;;;
2079;1269;1266;1724;1723;;;;;;;;
2080;1266;1265;1725;1724;;;;;;;;
2081;1697;1698;1726;1713;;;;;;;;
2082;1727;1739;;;;;;;;;;
2083;1739;1740;;;;;;;;;;
2084;1740;1741;;;;;;;;;;
2085;1741;1742;;;;;;;;;;
2086;1742;1743;;;;;;;;;;
2087;1743;1744;;;;;;;;;;
2088;1744;1745;;;;;;;;;;
2089;1745;1746;;;;;;;;;;
2090;1746;1747;;;;;;;;;;
2091;1747;1748;;;;;;;;;;
2092;1748;1749;;;;;;;;;;
2093;1749;1750;;;;;;;;;;
2094;1750;1751;;;;;;;;;;
2095;1751;1752;;;;;;;;;;
2096;1752;1753;;;;;;;;;;
2097;1753;1754;;;;;;;;;;
2098;1754;1755;;;;;;;;;;
2099;1755;1756;;;;;;;;;;
2100;1756;1728;;;;;;;;;;
2101;1728;1757;;;;;;;;;;
2102;1757;1758;;;;;;;;;;
2103;1758;1759;;;;;;;;;;
2104;1759;1760;;;;;;;;;;
2105;1760;1761;;;;;;;;;;
2106;1761;1762;;;;;;;;;;
2107;1762;1763;;;;;;;;;;
2108;1763;1764;;;;;;;;;;
2109;1764;1765;;;;;;;;;;
2110;1765;1766;;;;;;;;;;
2111;1766;1767;;;;;;;;;;
2112;1767;1768;;;;;;;;;;
2113;1768;1769;;;;;;;;;;
2114;1769;1770;;;;;;;;;;
2115;1770;1771;;;;;;;;;;
2116;1771;1772;;;;;;;;;;
2117;1772;1773;;;;;;;;;;
2118;1773;1774;;;;;;;;;;
2119;1774;1729;;;;;;;;;;
2120;1730;1775;;;;;;;;;;
2121;1775;1776;;;;;;;;;;
2122;1776;1777;;;;;;;;;;
2123;1777;1778;;;;;;;;;;
2124;1778;1779;;;;;;;;;;
2125;1779;1780;;;;;;;;;;
2126;1780;1781;;;;;;;;;;
2127;1781;1782;;;;;;;;;;
2128;1782;1783;;;;;;;;;;
2129;1783;1784;;;;;;;;;;
2130;1784;1785;;;;;;;;;;
2131;1785;1786;;;;;;;;;;
2132;1786;1787;;;;;;;;;;
2133;1787;1788;;;;;;;;;;
2134;1788;1789;;;;;;;;;;
2135;1789;1790;;;;;;;;;;
2136;1790;1791;;;;;;;;;;
2137;1791;1792;;;;;;;;;;
2138;1792;1731;;;;;;;;;;
2139;1731;1793;;;;;;;;;;
2140;1793;1794;;;;;;;;;;
2141;1794;1795;;;;;;;;;;
2142;1795;1796;;;;;;;;;;
2143;1796;1797;;;;;;;;;;
2144;1797;1798;;;;;;;;;;
2145;1798;1799;;;;;;;;;;
2146;1799;1800;;;;;;;;;;
2147;1800;1801;;;;;;;;;;
2148;1801;1802;;;;;;;;;;
2149;1802;1803;;;;;;;;;;
2150;1803;1804;;;;;;;;;;
2151;1804;1805;;;;;;;;;;
2152;1805;1806;;;;;;;;;;
2153;1806;1807;;;;;;;;;;
2154;1807;1808;;;;;;;;;;
2155;1808;1809;;;;;;;;;;
2156;1809;1810;;;;;;;;;;
2157;1810;1732;;;;;;;;;;
2158;1733;1811;;;;;;;;;;
2159;1811;1812;;;;;;;;;;
2160;1812;1813;;;;;;;;;;
2161;1813;1814;;;;;;;;;;
2162;1814;1815;;;;;;;;;;
2163;1815;1816;;;;;;;;;;
2164;1816;1817;;;;;;;;;;
2165;1817;1818;;;;;;;;;;
2166;1818;1819;;;;;;;;;;
2167;1819;1820;;;;;;;;;;
2168;1820;1821;;;;;;;;;;
2169;1821;1822;;;;;;;;;;
2170;1822;1823;;;;;;;;;;
2171;1823;1824;;;;;;;;;;
2172;1824;1825;;;;;;;;;;
2173;1825;1826;;;;;;;;;;
2174;1826;1827;;;;;;;;;;
2175;1827;1828;;;;;;;;;;
2176;1828;1734;;;;;;;;;;
2177;1735;1829;;;;;;;;;;
2178;1829;1830;;;;;;;;;;
2179;1830;1831;;;;;;;;;;
2180;1831;1832;;;;;;;;;;
2181;1832;1833;;;;;;;;;;
2182;1833;1834;;;;;;;;;;
2183;1834;1835;;;;;;;;;;
2184;1835;1836;;;;;;;;;;
2185;1836;1837;;;;;;;;;;
2186;1837;1838;;;;;;;;;;
2187;1838;1839;;;;;;;;;;
2188;1839;1840;;;;;;;;;;
2189;1840;1841;;;;;;;;;;
2190;1841;1842;;;;;;;;;;
2191;1842;1843;;;;;;;;;;
2192;1843;1844;;;;;;;;;;
2193;1844;1845;;;;;;;;;;
2194;1845;1846;;;;;;;;;;
2195;1846;1733;;;;;;;;;;
2196;1736;1847;;;;;;;;;;
2197;1847;1848;;;;;;;;;;
2198;1848;1849;;;;;;;;;;
2199;1849;1850;;;;;;;;;;
2200;1850;1851;;;;;;;;;;
2201;1851;1852;;;;;;;;;;
2202;1852;1853;;;;;;;;;;
2203;1853;1854;;;;;;;;;;
2204;1854;1855;;;;;;;;;;
2205;1855;1856;;;;;;;;;;
2206;1856;1857;;;;;;;;;;
2207;1857;1858;;;;;;;;;;
2208;1858;1859;;;;;;;;;;
2209;1859;1860;;;;;;;;;;
2210;1860;1861;;;;;;;;;;
2211;1861;1862;;;;;;;;;;
2212;1862;1863;;;;;;;;;;
2213;1863;1864;;;;;;;;;;
2214;1864;1737;;;;;;;;;;
2215;1738;1865;;;;;;;;;;
2216;1865;1866;;;;;;;;;;
2217;1866;1867;;;;;;;;;;
2218;1867;1868;;;;;;;;;;
2219;1868;1869;;;;;;;;;;
2220;1869;1870;;;;;;;;;;
2221;1870;1871;;;;;;;;;;
2222;1871;1872;;;;;;;;;;
2223;1872;1873;;;;;;;;;;
2224;1873;1874;;;;;;;;;;
2225;1874;1875;;;;;;;;;;
2226;1875;1876;;;;;;;;;;
2227;1876;1877;;;;;;;;;;
2228;1877;1878;;;;;;;;;;
2229;1878;1879;;;;;;;;;;
2230;1879;1880;;;;;;;;;;
2231;1880;1881;;;;;;;;;;
2232;1881;1882;;;;;;;;;;
2233;1882;1736;;;;;;;;;;